flesch_reading_ease,smog_index,flesch_kincaid_grade,coleman_liau_index,automated_readability_index,dale_chall_readability_score,difficult_words,linsear_write_formula,gunning_fog,text_standard,mean_parse_tree_depth,mean_ents_per_sentence,mean_adj,mean_adp,mean_adv,mean_aux,mean_conj,mean_cconj,mean_det,mean_intj,mean_noun,mean_num,mean_part,mean_pron,mean_propn,mean_punct,mean_sconj,mean_sym,mean_verb,mean_x,mean_space
80.92,9.3,5.9,8.47,8.1,8.33,97,8.333333333333334,8.51,9.0,1.311965811965812,1.15,1.0,1.72,0.95,1.05,0,0.62,1.55,0.0,3.45,0.52,0.55,1.15,0.95,0.48,0.4,0.02,2.15,0.0,0.98
70.43,10.1,7.8,8.12,8.7,7.27,82,7.142857142857142,9.41,8.0,1.1789473684210525,0.34285714285714286,1.31,1.77,1.11,1.6,0,0.51,1.4,0.06,3.2,0.17,0.69,2.31,0.06,0.2,0.63,0.03,2.97,0.0,0.97
57.91,11.5,10.6,10.27,12.2,8.05,110,8.666666666666666,11.78,12.0,1.198639455782313,0.5161290322580645,1.71,2.16,0.9,1.9,0,0.84,1.58,0.1,4.29,0.29,1.1,2.84,0.55,0.32,0.9,0.0,3.26,0.0,0.97
57.91,11.5,10.6,10.27,12.2,8.05,110,8.666666666666666,11.78,12.0,1.198639455782313,0.5161290322580645,1.71,2.16,0.9,1.9,0,0.84,1.58,0.1,4.29,0.29,1.1,2.84,0.55,0.32,0.9,0.0,3.26,0.0,0.97
65.86,11.0,9.6,9.75,12.0,8.71,104,15.25,11.74,10.0,1.3446808510638297,1.1379310344827587,2.53,2.28,1.45,1.41,0,0.62,1.76,0.1,3.85,0.34,0.93,2.34,1.41,0.17,0.55,0.03,2.72,0.0,1.0
81.33,9.3,5.7,7.07,7.1,8.52,120,6.375,8.52,9.0,1.4624413145539905,0.7959183673469388,0.71,1.98,0.57,1.0,0,0.47,1.69,0.04,3.3,0.33,0.55,2.04,0.88,0.45,0.24,0.0,1.98,0.0,1.0
77.27,10.2,7.3,6.67,8.1,7.52,70,11.8,10.06,7.0,1.2661538461538462,0.6774193548387096,1.06,2.16,1.19,1.74,0,0.61,2.16,0.0,3.87,0.16,0.74,2.58,0.65,0.32,0.42,0.0,2.32,0.0,0.97
71.07,10.3,9.7,7.67,11.6,8.08,88,10.6,12.02,10.0,1.3974025974025974,0.8571428571428571,1.36,2.71,1.21,2.11,0,0.96,2.07,0.04,4.71,0.32,0.89,3.93,0.75,0.71,0.86,0.0,3.89,0.0,0.96
86.1,7.4,3.9,6.07,4.7,6.87,62,7.0,5.39,7.0,0.903598971722365,0.3709677419354839,0.6,1.16,0.68,0.79,0,0.21,0.97,0.15,1.71,0.16,0.27,1.77,0.29,0.61,0.29,0.0,1.82,0.0,1.0
59.74,11.2,9.9,10.85,11.6,8.77,90,7.571428571428571,11.2,11.0,1.5681818181818181,0.9130434782608695,1.61,2.74,0.96,1.22,0,0.7,2.17,0.0,4.7,0.13,0.48,1.04,1.22,0.09,0.52,0.0,2.52,0.0,0.96
72.46,10.2,7.1,9.22,8.6,8.74,115,5.111111111111111,9.43,9.0,1.2930555555555556,1.0,1.36,1.83,1.12,1.31,0,0.4,1.26,0.02,3.71,0.55,0.43,1.14,0.55,0.19,0.45,0.0,1.83,0.0,0.98
79.19,8.4,6.5,6.9,7.6,7.01,68,6.857142857142857,8.33,7.0,1.0921717171717171,1.0238095238095237,1.5,1.43,0.95,1.36,0,0.79,1.88,0.0,2.81,0.24,0.52,2.19,1.38,0.05,0.52,0.0,2.24,0.0,1.0
78.28,10.5,6.9,7.08,8.1,7.97,99,10.833333333333334,9.9,7.0,1.2238993710691823,1.4102564102564104,1.03,1.72,1.26,1.31,0,0.74,1.67,0.0,3.0,0.38,0.95,2.23,1.54,0.62,0.46,0.0,2.51,0.0,0.97
75.64,9.8,7.9,7.2,9.4,7.55,65,11.0,10.41,8.0,1.2977346278317152,0.5555555555555556,1.59,2.93,1.41,1.19,0,0.89,1.63,0.04,3.85,0.11,0.67,3.26,0.44,0.74,0.44,0.0,2.74,0.0,0.96
71.75,10.0,7.3,7.65,7.7,7.69,79,11.4,9.32,8.0,1.3947858472998138,0.7333333333333333,1.23,2.0,0.77,1.03,0,0.53,1.2,0.03,3.13,0.3,0.6,2.17,0.5,0.4,0.4,0.0,2.53,0.07,1.0
75.64,9.8,7.9,7.2,9.4,7.55,65,11.0,10.41,8.0,1.2977346278317152,0.5555555555555556,1.59,2.93,1.41,1.19,0,0.89,1.63,0.04,3.85,0.11,0.67,3.26,0.44,0.74,0.44,0.0,2.74,0.0,0.96
90.29,7.6,4.3,5.62,5.8,7.34,47,11.8,6.95,6.0,1.33008356545961,1.3095238095238095,0.9,1.83,1.05,0.83,0,0.6,1.48,0.0,2.93,0.4,0.5,1.31,1.0,0.67,0.21,0.0,1.98,0.0,1.0
78.79,9.0,6.7,8.06,8.6,7.72,73,7.142857142857142,9.0,9.0,1.1420959147424512,0.4666666666666667,1.07,2.03,1.47,1.13,0,0.77,2.23,0.0,3.6,0.1,0.27,1.73,0.3,0.0,0.57,0.0,2.53,0.0,0.97
82.65,8.2,5.2,7.88,6.9,8.04,94,6.25,7.51,8.0,1.3073322932917317,0.5952380952380952,1.5,1.71,0.62,0.76,0,0.55,1.31,0.0,2.88,0.07,0.31,2.0,0.67,0.0,0.26,0.0,1.64,0.0,0.98
78.59,9.2,6.8,6.49,7.6,7.41,74,13.0,8.97,7.0,1.217453505007153,0.8571428571428571,1.0,2.23,0.74,1.37,0,0.54,2.37,0.03,3.49,0.37,0.46,2.2,0.74,0.57,0.46,0.0,2.37,0.0,1.0
71.04,10.5,7.6,9.8,9.7,8.51,88,11.166666666666666,9.68,10.0,1.2145669291338583,0.39285714285714285,1.68,1.96,1.11,1.29,0,1.0,1.79,0.0,4.11,0.11,0.43,0.89,0.29,0.0,0.32,0.0,2.21,0.0,0.96
79.09,9.3,6.6,6.32,7.2,7.06,72,7.2857142857142865,8.72,7.0,1.183699870633894,0.325,1.15,1.88,1.35,1.58,0,0.65,1.6,0.0,3.12,0.18,0.75,2.45,0.28,0.0,0.72,0.0,2.65,0.0,0.98
81.43,9.5,5.7,5.85,6.1,7.14,85,6.625,8.06,6.0,1.022754491017964,0.20833333333333334,1.06,1.29,0.81,1.29,0,0.71,0.9,0.02,2.52,0.1,0.69,2.92,0.48,0.25,0.38,0.0,2.85,0.0,1.0
71.65,10.2,7.4,9.39,9.2,7.99,89,6.125,9.54,10.0,1.2710743801652893,0.696969696969697,1.85,2.12,0.76,0.94,0,0.33,1.82,0.0,3.39,0.18,0.67,1.82,0.55,0.33,0.55,0.0,2.03,0.0,1.0
78.28,9.4,6.9,7.6,8.4,7.44,74,6.5,9.08,7.0,1.3584131326949385,0.6111111111111112,1.03,2.5,1.33,0.58,0,0.86,1.92,0.08,3.83,0.25,0.44,2.19,0.47,0.47,0.31,0.06,2.61,0.08,1.0
80.31,9.8,6.1,7.13,7.3,7.7,92,11.0,8.67,8.0,1.08843537414966,0.7560975609756098,0.93,1.9,0.93,1.0,0,0.41,1.66,0.0,3.39,0.2,0.56,2.15,0.88,0.32,0.39,0.0,2.22,0.0,1.0
80.01,9.3,6.2,6.09,6.6,7.24,78,8.166666666666666,8.81,7.0,1.2127659574468086,0.5609756097560976,1.07,1.95,0.93,1.17,0,0.63,1.68,0.0,2.98,0.24,0.63,2.27,0.59,0.24,0.46,0.0,2.49,0.0,1.0
76.66,9.4,7.5,7.83,9.2,7.58,88,7.833333333333334,9.85,8.0,1.2861230329041489,0.9393939393939394,1.18,2.61,1.0,1.42,0,0.58,2.21,0.0,3.64,0.09,0.61,2.52,1.39,0.0,0.58,0.0,2.36,0.0,1.0
78.99,9.9,6.6,6.78,7.8,7.34,85,8.833333333333334,9.43,7.0,1.1122853368560106,0.5789473684210527,1.55,1.61,0.97,1.84,0,0.71,1.45,0.11,2.63,0.18,0.71,2.79,0.47,0.63,0.63,0.0,2.5,0.05,1.0
59.64,11.4,9.9,11.31,12.1,8.33,89,11.2,11.05,12.0,1.4772727272727273,0.88,1.84,2.76,0.88,1.08,0,0.72,1.52,0.0,4.72,0.44,0.68,1.28,0.72,0.08,0.56,0.0,2.88,0.0,0.96
68.6,10.0,8.5,8.94,9.8,8.33,115,14.0,10.44,9.0,1.392757660167131,0.8857142857142857,1.31,2.49,1.03,1.54,0,0.8,2.17,0.0,4.23,0.23,0.63,1.54,0.74,0.0,0.29,0.0,2.54,0.0,0.97
68.1,10.7,8.7,8.88,10.3,8.62,98,14.0,10.71,9.0,1.2928257686676428,0.7419354838709677,1.42,1.74,1.13,1.81,0,0.61,2.1,0.0,3.84,0.29,1.06,1.42,1.13,0.61,0.71,0.0,3.06,0.06,1.0
80.92,7.8,5.9,5.28,5.5,6.38,46,6.0,7.37,6.0,1.0914051841746248,0.6190476190476191,0.6,2.02,0.86,1.38,0,0.52,1.21,0.02,2.57,0.19,0.43,3.1,0.43,0.14,0.5,0.0,2.5,0.0,0.98
64.41,11.1,8.1,8.34,8.1,7.95,99,6.375,9.37,8.0,1.1103253182461104,0.4634146341463415,1.2,1.46,0.66,1.0,0,0.46,1.49,0.02,3.05,0.12,0.56,2.24,0.63,0.49,0.51,0.0,2.34,0.0,1.0
81.02,8.5,5.8,7.65,7.6,7.29,69,13.5,7.88,8.0,1.2303595206391478,0.7857142857142857,1.0,1.71,0.74,1.4,0,0.55,1.24,0.02,2.57,0.36,0.5,2.48,0.69,0.5,0.48,0.0,2.52,0.0,1.0
78.18,9.2,6.9,6.96,8.0,7.58,74,13.0,9.15,7.0,1.2161383285302594,0.9117647058823529,0.97,2.29,0.79,1.41,0,0.56,2.38,0.03,3.53,0.41,0.47,2.24,0.82,0.65,0.44,0.0,2.41,0.0,1.0
81.87,8.0,7.6,6.8,9.9,7.07,53,18.0,10.29,8.0,1.2834757834757835,0.5,1.57,3.29,1.75,1.04,0,1.21,2.29,0.0,3.61,0.18,0.71,2.97,0.25,0.57,0.43,0.0,3.96,0.0,1.0
72.19,10.6,9.2,7.61,11.0,8.36,91,11.4,11.87,11.0,1.514792899408284,1.3076923076923077,1.85,3.31,1.08,1.54,0,0.88,2.27,0.0,4.65,0.46,0.73,2.73,1.04,0.5,1.08,0.0,2.85,0.0,1.0
90.09,6.7,4.4,4.75,5.1,6.6,55,10.4,6.89,7.0,1.11254851228978,0.6888888888888889,0.96,1.67,0.82,1.38,0,0.51,1.31,0.18,2.22,0.09,0.56,2.22,0.67,0.8,0.38,0.0,2.4,0.0,1.0
60.85,11.3,9.4,10.1,10.5,8.44,103,10.666666666666666,10.61,11.0,1.3220064724919094,0.967741935483871,1.45,2.29,0.58,1.16,0,0.68,2.1,0.0,5.0,0.68,0.74,1.29,0.61,0.0,0.29,0.0,2.1,0.0,0.97
61.77,11.1,9.1,9.1,9.6,8.03,112,12.4,10.39,10.0,1.1783166904422253,0.5277777777777778,1.28,1.75,1.03,1.53,0,0.64,1.94,0.0,4.06,0.19,0.83,1.61,0.31,0.33,0.58,0.0,2.36,0.06,0.97
89.79,8.6,4.5,5.15,5.6,7.03,53,8.666666666666666,7.7,6.0,0.9656084656084656,0.8604651162790697,0.88,1.4,0.67,1.26,0,0.65,0.98,0.0,2.67,0.33,1.0,2.77,0.67,0.28,0.4,0.0,2.49,0.0,1.0
72.05,9.3,7.2,7.6,7.4,7.01,55,7.571428571428571,8.12,8.0,1.1455160744500845,0.5588235294117647,0.88,1.85,1.24,1.21,0,0.65,0.97,0.0,2.91,0.09,0.53,2.88,0.41,0.06,0.47,0.0,2.26,0.0,0.97
69.11,10.4,8.3,9.34,10.1,8.73,114,10.333333333333334,10.23,9.0,1.3346774193548387,1.1944444444444444,1.75,2.19,0.89,1.11,0,0.72,1.69,0.0,4.25,0.25,0.67,1.97,1.39,0.36,0.31,0.0,2.11,0.0,1.0
82.14,9.1,5.4,7.36,7.1,7.53,65,6.857142857142857,7.94,8.0,1.1960461285008237,0.6944444444444444,1.22,1.58,0.83,1.42,0,0.44,1.36,0.0,2.75,0.08,0.58,1.97,0.67,0.75,0.36,0.0,1.86,0.0,0.97
71.65,10.5,7.4,9.34,9.0,7.79,86,7.571428571428571,9.57,8.0,1.1718464351005484,0.12903225806451613,1.42,1.35,1.23,1.32,0,0.97,1.03,0.0,3.48,0.13,0.55,1.94,0.1,0.0,0.61,0.0,2.55,0.0,0.97
90.19,7.6,4.4,5.62,5.8,7.34,47,11.8,6.92,6.0,1.260748959778086,1.3571428571428572,0.9,1.79,1.07,0.83,0,0.6,1.5,0.0,2.93,0.4,0.52,1.29,1.02,0.69,0.21,0.0,1.93,0.0,1.0
70.73,10.6,7.7,7.48,8.0,7.27,100,10.333333333333334,9.57,8.0,1.3269461077844311,0.5454545454545454,1.23,1.82,0.84,1.2,0,0.57,1.7,0.0,3.18,0.2,0.7,2.39,0.55,0.34,0.5,0.0,2.75,0.0,1.0
72.46,10.2,7.1,9.22,8.6,8.74,115,5.111111111111111,9.43,9.0,1.2930555555555556,1.0,1.36,1.83,1.12,1.31,0,0.4,1.26,0.02,3.71,0.55,0.43,1.14,0.55,0.19,0.45,0.0,1.83,0.0,0.98
70.02,10.2,8.0,7.83,8.6,7.57,77,10.2,10.06,8.0,1.230357142857143,0.13793103448275862,1.21,1.93,1.1,1.83,0,0.9,1.79,0.0,3.14,0.07,0.62,2.59,0.03,0.07,0.59,0.0,2.48,0.0,0.97
47.12,14.7,12.7,12.94,15.1,8.96,141,14.0,14.54,15.0,1.6822695035460993,0.7857142857142857,3.61,2.93,1.43,1.25,0,0.93,2.11,0.0,6.07,0.43,0.93,1.07,0.32,0.04,0.5,0.04,2.57,0.0,0.96
69.01,10.0,8.4,8.88,9.8,7.57,83,12.0,9.95,10.0,1.2843295638126009,0.7333333333333333,1.43,2.37,0.87,1.17,0,0.5,2.23,0.03,3.87,0.03,0.8,2.3,0.63,0.13,0.6,0.0,2.67,0.0,1.0
73.17,9.3,6.8,7.71,7.4,8.37,93,7.428571428571429,8.39,8.0,1.2330246913580247,0.7435897435897436,1.13,1.92,0.77,0.77,0,0.67,1.51,0.03,3.21,0.23,0.36,1.64,0.56,0.36,0.31,0.0,2.18,0.0,0.97
79.9,9.5,6.3,6.84,7.3,6.98,73,8.0,8.5,7.0,1.1092757306226175,0.35714285714285715,1.21,1.57,1.36,1.48,0,0.57,0.93,0.0,2.14,0.14,0.69,3.45,0.29,0.14,0.69,0.0,3.07,0.0,1.0
70.02,10.1,8.0,8.76,9.6,8.08,72,12.8,8.99,9.0,1.4586846543001686,0.9655172413793104,1.1,1.97,1.1,1.31,0,0.76,1.69,0.0,3.38,0.1,0.79,2.21,1.28,0.55,0.59,0.0,2.59,0.0,1.0
60.85,11.3,9.4,10.1,10.5,8.44,103,10.666666666666666,10.61,11.0,1.3220064724919094,0.967741935483871,1.45,2.29,0.58,1.16,0,0.68,2.1,0.0,5.0,0.68,0.74,1.29,0.61,0.0,0.29,0.0,2.1,0.0,0.97
73.92,9.9,8.6,8.94,11.3,8.67,74,13.0,11.21,9.0,1.6103896103896105,1.8636363636363635,1.45,2.86,1.05,1.09,0,0.64,2.64,0.0,5.41,0.59,0.64,1.27,1.73,0.64,0.59,0.0,2.91,0.0,1.0
70.53,9.5,7.8,7.25,8.0,7.44,81,11.6,9.08,8.0,1.3083870967741935,0.725,1.05,2.0,0.85,1.08,0,0.68,1.35,0.0,3.61,0.38,0.78,2.15,0.57,0.3,0.52,0.0,2.58,0.0,1.0
60.75,12.8,9.5,9.52,10.3,8.26,113,7.125,11.28,10.0,1.2329472329472329,1.1891891891891893,1.54,2.03,1.05,1.32,0,0.46,1.43,0.05,3.18,0.32,0.73,2.59,1.35,0.46,0.38,0.0,2.86,0.0,1.0
79.9,7.9,6.3,7.6,7.8,7.25,61,8.333333333333334,7.78,8.0,1.2633136094674555,1.2432432432432432,0.65,2.27,1.19,1.11,0,0.35,1.86,0.11,2.78,0.16,0.35,2.05,1.16,0.38,0.59,0.0,2.27,0.0,0.97
82.24,9.0,5.4,7.3,6.9,7.45,68,6.857142857142857,7.88,7.0,1.2124600638977636,0.6578947368421053,1.21,1.58,0.79,1.42,0,0.42,1.34,0.0,2.74,0.08,0.58,2.0,0.63,0.55,0.34,0.0,1.82,0.0,0.97
71.75,10.1,7.3,8.41,8.3,7.96,77,11.0,8.5,8.0,1.358085808580858,0.4411764705882353,1.56,2.15,0.85,0.76,0,0.35,2.15,0.0,3.97,0.06,0.32,1.88,0.38,0.18,0.29,0.0,1.94,0.0,0.97
73.07,10.4,6.8,8.0,7.5,7.73,81,7.571428571428571,8.41,8.0,1.4495268138801263,0.5897435897435898,1.13,1.77,0.49,0.9,0,0.49,1.54,0.0,3.41,0.36,0.59,1.87,0.31,0.03,0.38,0.0,2.0,0.03,0.97
68.3,10.4,8.7,8.12,9.5,7.54,78,5.222222222222222,10.14,9.0,1.3515625,0.7666666666666667,1.97,2.27,1.23,1.4,0,0.73,1.97,0.0,3.9,0.33,0.67,2.4,0.47,0.2,0.47,0.0,2.23,0.1,1.0
80.72,8.5,6.0,5.16,5.6,6.73,50,3.833333333333333,7.74,6.0,0.7899860917941586,0.45,1.0,1.27,1.55,1.2,0,0.8,0.9,0.0,2.43,0.28,0.62,3.02,0.35,0.0,0.5,0.0,2.72,0.0,1.0
69.21,10.8,8.3,8.94,9.7,8.29,99,13.6,10.28,9.0,1.6150306748466257,0.4375,1.53,2.06,0.91,0.94,0,0.94,1.62,0.03,3.97,0.19,0.62,2.28,0.59,0.06,0.53,0.0,3.06,0.0,1.0
69.82,9.8,8.1,9.69,9.9,8.25,79,8.833333333333334,9.24,10.0,1.2077294685990339,1.84375,1.75,2.38,0.56,1.0,0,0.44,2.09,0.0,4.81,0.41,0.34,0.97,1.25,0.12,0.34,0.0,1.97,0.0,0.97
81.73,8.8,5.6,7.47,7.3,7.86,85,6.75,7.99,8.0,1.104922279792746,0.9333333333333333,1.27,1.29,1.09,1.04,0,0.58,1.16,0.0,2.69,0.6,0.51,1.87,0.56,0.67,0.49,0.0,2.29,0.02,1.0
70.94,11.0,7.6,7.65,8.1,7.15,59,11.166666666666666,8.89,8.0,1.2344322344322345,0.3793103448275862,0.97,2.38,0.62,1.41,0,0.55,1.55,0.03,3.69,0.14,0.59,2.24,0.31,0.45,0.59,0.0,2.34,0.0,0.97
80.01,9.3,6.2,6.09,6.6,7.24,78,8.166666666666666,8.81,7.0,1.2127659574468086,0.5609756097560976,1.07,1.95,0.93,1.17,0,0.63,1.68,0.0,2.98,0.24,0.63,2.27,0.59,0.24,0.46,0.0,2.49,0.0,1.0
70.02,10.6,8.0,9.51,9.9,8.46,114,6.625,10.39,10.0,1.4362017804154303,0.7428571428571429,1.71,2.6,1.0,1.4,0,0.74,1.63,0.0,4.11,0.31,0.57,1.26,0.74,0.0,0.2,0.0,2.0,0.0,0.97
86.91,6.0,3.6,6.59,4.6,7.33,12,4.3,4.94,5.0,0.9769230769230769,0.4166666666666667,1.25,0.67,0.67,0.83,0,0.25,1.0,0.0,2.0,0.33,0.17,1.08,0.25,0.0,0.25,0.0,1.17,0.0,0.92
94.35,6.8,2.8,5.2,3.6,7.23,8,4.5,5.25,5.0,1.0857142857142856,1.1666666666666667,1.0,1.0,0.67,0.67,0,0.58,1.0,0.0,2.58,0.67,0.08,0.75,0.58,0.0,0.08,0.0,1.08,0.0,0.92
87.01,6.9,3.5,3.51,2.1,6.11,9,4.277777777777778,4.8,4.0,0.8979591836734694,0.5555555555555556,0.67,1.0,0.56,0.78,0,0.11,0.78,0.0,1.56,0.11,0.11,1.89,0.78,0.0,0.33,0.0,1.22,0.0,1.0
86.94,5.3,5.6,4.87,6.2,5.9,4,7.5,7.24,6.0,1.255639097744361,1.2857142857142858,1.0,2.71,0.57,1.43,0,0.43,3.14,0.0,2.86,0.29,0.14,1.43,1.71,0.0,0.71,0.0,1.71,0.0,0.86
80.41,6.4,6.1,6.32,6.4,6.84,19,10.2,6.97,7.0,1.0077220077220077,2.2666666666666666,0.87,1.67,0.67,0.93,0,0.67,1.07,0.0,2.87,1.07,0.47,2.13,1.33,0.0,0.53,0.0,2.07,0.0,0.93
86.91,8.5,3.6,3.98,2.6,5.56,4,4.777777777777778,5.28,4.0,0.797979797979798,0.8888888888888888,0.11,0.89,0.11,0.89,0,0.22,0.89,0.0,1.56,0.11,0.67,1.56,1.22,0.0,0.11,0.0,1.67,0.0,1.0
104.13,5.7,1.1,0.32,-0.3,7.1,6,3.95,4.64,1.0,0.8181818181818182,1.0,0.6,0.9,0.3,0.6,0,0.2,0.8,0.0,1.2,0.5,0.1,1.6,1.0,0.0,0.2,0.0,1.25,0.0,1.0
80.72,8.3,6.0,7.54,7.3,6.91,14,7.0,6.99,7.0,1.0098039215686274,1.8333333333333333,1.33,1.58,1.5,0.92,0,0.75,1.33,0.0,3.0,0.67,0.42,0.83,1.67,0.17,0.08,0.0,1.83,0.0,0.92
90.6,6.9,4.2,6.08,5.9,6.84,12,6.285714285714286,6.39,7.0,0.987012987012987,1.0714285714285714,0.79,1.14,0.79,1.0,0,0.93,1.43,0.0,2.93,0.29,0.5,1.86,0.93,0.64,0.29,0.0,2.0,0.0,1.0
92.73,6.3,3.4,5.79,4.7,6.67,7,4.888888888888889,5.28,5.0,1.197080291970803,1.2,1.2,1.1,0.7,0.9,0,0.3,1.5,0.0,2.0,0.3,0.4,1.3,1.0,0.4,0.2,0.0,1.5,0.0,0.9
83.25,7.7,5.0,6.02,5.1,7.07,19,5.875,6.0,6.0,1.1428571428571428,2.0,1.14,1.07,0.43,0.64,0,0.43,1.64,0.0,2.5,0.21,0.64,1.14,1.86,0.0,0.14,0.0,1.71,0.0,0.93
92.42,6.4,3.5,3.52,2.9,6.14,3,5.666666666666667,5.61,6.0,0.9146341463414634,0.5,1.0,1.0,1.0,1.17,0,0.33,0.83,0.0,1.67,0.0,0.33,2.5,1.0,0.0,0.17,0.0,1.67,0.0,1.0
86.3,9.3,3.8,6.64,4.9,6.68,9,6.0,6.08,7.0,1.0441176470588236,0.6666666666666666,1.17,1.17,0.92,0.42,0,0.67,0.67,0.0,2.25,0.42,0.0,1.08,0.5,0.0,0.0,0.0,1.17,0.0,0.92
80.51,7.8,6.0,7.48,7.4,7.05,16,6.857142857142857,7.68,8.0,1.127962085308057,1.5,1.42,1.17,1.58,1.08,0,0.75,1.08,0.08,2.42,0.58,0.83,2.0,1.08,0.0,0.5,0.0,2.08,0.0,0.92
89.99,8.1,4.5,5.27,5.4,7.53,16,11.4,7.47,5.0,1.119815668202765,1.9230769230769231,0.69,1.38,0.69,0.77,0,0.46,1.46,0.0,2.92,0.23,0.77,1.54,1.85,0.46,0.31,0.0,2.15,0.0,1.0
91.41,5.3,3.9,5.91,5.2,6.13,10,7.5,5.9,6.0,1.04739336492891,0.9285714285714286,0.64,1.36,0.57,0.57,0,0.64,0.79,0.0,2.86,0.29,0.71,2.43,0.71,0.0,0.36,0.0,2.21,0.0,0.93
96.38,4.8,2.0,3.45,1.8,6.9,11,4.1,3.52,2.0,1.0084033613445378,1.3333333333333333,0.42,1.0,0.67,0.67,0,0.25,0.33,0.0,1.17,0.25,0.25,1.67,1.17,0.0,0.0,0.0,1.17,0.0,0.92
82.24,7.7,5.4,7.01,6.4,6.62,20,6.714285714285714,6.35,7.0,1.238532110091743,0.6428571428571429,0.79,1.93,0.71,0.36,0,0.43,1.86,0.0,3.93,0.5,0.43,1.36,0.43,0.0,0.14,0.0,1.79,0.0,0.93
95.88,6.6,2.2,2.69,1.5,6.11,3,4.4,4.5,5.0,0.8869565217391304,0.5454545454545454,0.36,1.0,0.36,0.73,0,0.09,1.09,0.09,1.91,0.36,0.09,1.18,0.82,0.0,0.18,0.0,1.09,0.0,1.0
103.73,3.1,1.3,3.92,2.6,6.3,5,3.545454545454546,3.96,4.0,0.717741935483871,1.5454545454545454,0.55,0.82,0.36,0.91,0,0.18,0.18,0.18,1.09,0.64,0.45,1.55,1.82,0.0,0.27,0.0,1.18,0.0,1.0
84.37,8.7,4.5,5.73,4.9,7.13,16,7.571428571428571,6.14,5.0,0.7956521739130434,0.75,0.75,1.19,0.69,1.0,0,0.56,0.94,0.06,1.5,0.31,0.5,2.19,0.31,0.38,0.44,0.0,2.38,0.0,1.0
91.71,6.6,3.8,3.94,3.5,7.25,19,6.571428571428571,6.29,4.0,1.0291666666666666,0.875,0.62,1.75,0.75,0.75,0,0.69,0.69,0.0,2.62,0.5,0.31,2.0,0.69,0.12,0.12,0.0,2.12,0.0,1.0
95.77,4.9,2.2,3.45,2.2,6.12,9,3.8,4.19,5.0,0.9252336448598131,0.5,0.6,0.8,0.2,1.2,0,0.2,0.3,0.0,1.2,0.1,0.6,2.1,0.8,0.0,0.2,0.0,1.4,0.0,1.0
92.83,8.5,3.4,3.58,3.0,6.52,2,5.333333333333333,5.28,3.0,0.848,1.6666666666666667,1.0,1.0,0.11,1.11,0,0.11,0.78,0.22,1.78,1.22,0.44,1.44,1.78,0.0,0.33,0.0,1.22,0.0,1.0
93.34,3.1,3.2,3.4,2.7,5.4,5,4.875,4.72,5.0,1.0,0.5,1.0,1.0,0.38,1.25,0,0.25,1.0,0.12,2.0,0.0,0.75,1.88,0.5,0.0,0.12,0.0,1.75,0.0,1.0
85.99,5.6,3.9,5.95,4.5,6.71,6,4.666666666666667,4.62,5.0,0.9552238805970149,0.7272727272727273,0.91,1.0,0.36,0.73,0,0.27,0.73,0.0,2.82,0.18,0.36,1.27,0.36,0.27,0.45,0.0,1.55,0.0,0.91
77.27,9.6,7.3,7.14,8.3,6.7,10,11.6,8.91,7.0,1.3404255319148937,0.42857142857142855,1.86,2.71,1.0,0.86,0,0.71,2.43,0.0,5.29,0.0,0.29,1.29,0.14,0.0,0.57,0.0,2.14,0.0,0.86
81.02,7.9,5.8,6.49,6.4,6.43,14,8.0,7.23,6.0,1.0491071428571428,1.2307692307692308,1.0,1.77,0.77,1.77,0,0.69,0.92,0.0,2.15,0.46,0.77,2.38,1.15,0.0,0.23,0.0,2.23,0.0,0.92
91.82,7.6,3.8,5.55,4.9,6.55,9,5.75,5.92,6.0,1.167832167832168,0.8,1.8,0.9,0.5,1.3,0,0.8,1.2,0.1,2.6,0.4,0.4,1.2,0.8,0.0,0.1,0.0,1.3,0.0,0.9
93.74,6.9,3.0,2.53,1.9,5.43,3,5.75,4.56,3.0,0.7894736842105263,0.3333333333333333,0.44,0.67,0.56,1.22,0,0.56,1.0,0.0,1.67,0.11,0.78,2.11,0.33,0.0,0.11,0.0,2.11,0.0,1.0
92.53,6.2,3.5,3.93,3.1,6.59,7,5.571428571428571,5.95,4.0,0.7978723404255319,0.7142857142857143,0.71,1.14,0.57,1.0,0,0.57,1.14,0.0,2.57,0.0,0.43,1.57,0.71,0.0,0.14,0.0,2.0,0.0,0.86
84.57,9.1,4.5,5.32,4.2,6.06,7,6.5,6.16,5.0,0.9548872180451128,0.1,1.9,0.9,0.8,1.2,0,0.5,0.7,0.0,2.7,0.2,0.5,1.1,0.0,0.0,0.3,0.0,1.5,0.0,1.0
95.37,5.8,2.4,2.93,1.8,5.92,3,4.111111111111111,4.37,6.0,0.9607843137254902,0.4444444444444444,0.67,0.78,0.67,0.89,0,0.11,0.44,0.0,1.44,0.11,0.56,2.33,0.78,0.0,0.0,0.0,1.44,0.0,1.0
94.05,6.1,2.9,2.94,2.2,5.69,10,5.111111111111111,4.84,3.0,0.8458149779735683,0.3333333333333333,0.56,0.67,1.17,0.78,0,0.44,0.83,0.0,2.28,0.28,0.61,1.78,0.28,0.06,0.39,0.0,1.56,0.0,0.94
85.08,7.2,4.3,7.06,5.6,7.21,10,5.0,5.67,6.0,0.96875,1.7,0.4,1.8,0.5,0.7,0,0.2,0.6,0.0,2.3,0.5,0.4,1.0,2.0,0.0,0.1,0.0,1.4,0.0,0.9
70.63,11.0,7.8,8.47,8.8,7.37,18,7.571428571428571,8.66,8.0,1.3756097560975609,1.9090909090909092,1.27,3.0,0.64,1.0,0,0.73,1.82,0.0,4.18,0.45,0.45,0.73,1.45,0.18,0.27,0.0,1.55,0.0,0.91
81.12,8.4,5.8,6.26,6.1,6.6,16,7.142857142857142,7.39,7.0,0.954337899543379,1.0769230769230769,1.31,1.69,1.0,1.0,0,0.69,1.38,0.0,2.46,0.23,0.38,2.08,1.31,0.31,0.31,0.0,1.77,0.0,0.92
83.66,9.7,4.8,7.47,6.3,6.85,9,6.5,7.59,7.0,1.128,1.3333333333333333,1.11,1.0,0.67,1.11,0,0.67,1.44,0.0,3.11,0.56,0.22,0.67,0.78,0.0,0.33,0.0,1.33,0.0,0.89
76.22,8.6,5.6,7.93,6.1,6.98,17,5.444444444444445,6.62,7.0,1.0422535211267605,0.2727272727272727,1.27,0.91,0.55,0.73,0,0.64,1.36,0.0,2.73,0.0,0.36,1.0,0.64,0.0,0.18,0.0,1.64,0.0,0.91
96.38,7.7,2.0,4.84,2.9,6.68,5,4.045454545454546,4.76,5.0,0.9813084112149533,1.0,0.55,0.64,0.18,0.55,0,0.18,0.73,0.0,1.45,0.36,0.18,1.18,1.09,0.0,0.36,0.0,1.27,0.09,0.91
82.95,7.0,5.1,6.37,5.7,7.4,19,6.714285714285714,5.68,6.0,0.9570815450643777,0.8,0.87,1.0,0.67,0.8,0,0.67,1.07,0.0,2.4,0.07,0.67,2.27,0.73,0.4,0.4,0.0,2.53,0.0,1.0
95.27,7.0,2.4,3.69,2.5,5.87,7,4.5,4.69,5.0,0.7777777777777778,0.8181818181818182,0.45,0.82,0.91,0.64,0,0.18,0.64,0.0,1.55,0.0,0.55,2.0,0.64,0.0,0.27,0.0,1.82,0.0,1.0
79.8,8.1,6.3,8.23,8.2,6.12,8,6.857142857142857,7.62,7.0,1.0921985815602837,0.75,1.12,1.5,0.62,1.12,0,0.62,1.5,0.0,3.88,0.38,0.88,1.12,0.5,0.0,0.62,0.0,2.88,0.0,0.88
92.53,6.7,3.5,6.13,5.0,6.27,7,5.0,5.99,5.0,1.1029411764705883,0.6,1.2,1.6,0.5,0.8,0,0.7,1.0,0.0,3.3,0.2,0.3,1.2,0.2,0.0,0.2,0.0,1.5,0.0,0.9
91.31,8.2,4.0,5.85,5.3,6.99,13,7.0,6.87,7.0,0.9957081545064378,1.5333333333333334,0.93,1.53,1.0,0.8,0,0.8,1.2,0.0,1.87,0.4,0.33,2.0,1.13,0.4,0.27,0.0,1.87,0.0,1.0
88.06,6.9,5.2,7.65,7.8,7.8,12,7.833333333333334,7.14,8.0,1.152,0.5714285714285714,1.57,1.57,0.57,1.29,0,1.29,1.0,0.0,3.57,0.14,0.57,2.29,0.43,0.0,0.29,0.0,2.43,0.0,0.86
92.83,4.6,3.4,5.96,4.8,5.78,10,5.375,5.12,5.0,0.8194444444444444,1.75,0.75,1.12,0.69,0.56,0,0.31,1.12,0.0,1.69,0.19,0.56,1.56,1.44,0.12,0.44,0.0,2.0,0.0,0.94
81.22,8.5,5.8,7.53,7.2,7.1,9,6.857142857142857,7.46,8.0,1.1384615384615384,1.25,1.25,1.75,0.75,0.88,0,0.5,2.88,0.0,3.12,0.12,0.25,0.5,1.5,0.0,0.12,0.0,1.75,0.0,0.88
81.02,6.9,5.8,7.02,6.6,7.57,12,5.5,6.81,7.0,0.9054054054054054,2.5555555555555554,0.78,2.22,0.78,0.67,0,0.56,2.0,0.0,3.44,1.22,0.22,0.78,1.44,0.0,0.11,0.0,1.33,0.0,0.89
71.04,9.2,7.6,8.23,8.4,7.91,10,8.5,7.51,8.0,1.373015873015873,1.8571428571428572,2.71,2.29,1.14,1.14,0,0.71,1.57,0.0,4.0,0.43,0.0,0.71,0.57,0.0,0.43,0.0,1.43,0.0,0.86
81.22,9.2,5.8,6.67,6.3,7.32,8,7.2857142857142865,7.64,7.0,0.9565217391304348,1.0,1.29,1.29,0.86,1.29,0,0.86,1.29,0.0,3.29,0.57,0.71,1.29,0.43,0.0,0.29,0.0,2.14,0.0,0.86
84.27,7.4,4.6,6.13,5.2,7.27,22,4.888888888888889,5.97,5.0,1.0486725663716814,0.8125,0.88,1.56,0.44,0.88,0,0.62,1.12,0.0,2.94,0.25,0.38,1.38,0.69,0.25,0.19,0.0,1.56,0.0,1.0
94.35,4.9,2.8,4.27,2.9,6.8,7,4.1,4.32,5.0,0.9495798319327731,0.5,1.1,0.7,0.4,0.7,0,0.4,0.9,0.0,1.9,0.0,0.2,2.2,0.4,0.0,0.4,0.0,1.6,0.0,1.0
82.44,9.2,5.3,6.89,6.4,6.56,13,7.857142857142858,7.09,7.0,0.9324324324324325,0.7142857142857143,0.86,1.43,0.64,1.07,0,0.43,1.0,0.0,3.29,0.29,0.57,1.21,0.71,0.29,0.86,0.0,2.07,0.0,1.0
77.03,8.8,5.3,7.23,5.6,6.31,9,5.0,5.19,6.0,0.8617886178861789,0.5,1.3,0.5,1.0,0.8,0,0.6,0.6,0.0,2.3,0.5,0.6,0.7,0.1,0.0,0.4,0.0,2.0,0.0,0.9
91.92,6.4,3.7,6.89,5.9,6.81,7,6.285714285714286,5.95,6.0,1.0393700787401574,1.4444444444444444,1.33,0.89,1.33,1.22,0,0.44,1.33,0.0,2.22,0.67,0.33,0.67,1.44,0.0,0.33,0.0,1.0,0.0,0.89
73.78,10.0,6.5,7.71,7.0,7.34,22,10.333333333333334,7.35,7.0,1.25,2.142857142857143,1.5,1.64,0.79,1.0,0,0.43,1.29,0.07,3.07,1.07,0.21,0.79,1.07,0.14,0.14,0.21,1.36,0.0,0.93
86.71,7.4,3.7,4.44,3.0,5.71,4,4.555555555555555,4.44,4.0,0.7524752475247525,1.0,1.11,0.67,0.89,1.0,0,0.33,1.11,0.0,1.33,0.11,0.22,1.0,1.11,0.0,0.22,0.0,1.11,0.0,1.0
95.37,4.9,2.4,4.15,2.5,6.86,7,4.0,3.92,4.0,0.9629629629629629,0.9,0.5,1.1,0.6,0.6,0,0.2,0.5,0.1,1.7,0.3,0.1,1.6,1.1,0.0,0.2,0.0,1.3,0.0,0.9
92.83,6.0,3.4,3.93,3.1,6.02,7,5.375,5.33,6.0,0.9065420560747663,0.75,0.75,1.12,1.38,0.88,0,0.38,0.62,0.0,1.25,0.0,0.38,2.5,0.88,0.0,0.38,0.0,1.88,0.0,1.0
91.0,6.9,4.1,7.3,6.6,6.89,14,5.5,5.84,7.0,1.2027649769585254,1.3571428571428572,0.79,1.5,0.5,0.71,0,0.93,1.29,0.0,3.43,0.43,0.64,1.07,1.14,0.0,0.5,0.0,1.64,0.0,0.93
104.13,4.9,1.1,1.48,0.6,5.63,8,3.6363636363636367,3.8,1.0,0.8739495798319328,0.6363636363636364,0.64,0.91,0.36,1.18,0,0.36,0.45,0.09,1.18,0.18,0.09,2.36,0.64,0.0,0.09,0.0,1.27,0.0,1.0
71.44,8.4,7.4,9.22,9.0,6.62,14,8.166666666666666,7.36,7.0,1.192,0.5714285714285714,1.0,2.14,0.71,0.71,0,0.71,2.0,0.0,5.14,0.0,0.71,1.71,0.0,0.0,0.43,0.0,1.71,0.0,0.86
92.53,6.0,3.5,5.32,4.4,6.23,14,6.571428571428571,5.64,6.0,1.0315315315315314,1.0,0.81,1.25,0.62,0.5,0,0.81,1.38,0.0,2.81,0.62,0.19,1.38,0.31,0.25,0.19,0.0,1.75,0.0,1.0
44.95,14.5,11.4,12.87,12.6,9.06,156,17.5,13.12,13.0,1.2357043235704324,0.21621621621621623,2.03,1.81,1.03,1.62,0,0.95,1.3,0.0,4.05,0.08,0.46,1.32,0.46,0.43,0.51,0.0,2.35,0.0,0.97
57.61,11.9,10.7,10.79,12.7,9.28,178,9.0,11.82,11.0,1.3262626262626263,2.3333333333333335,2.07,3.07,0.81,1.02,0,0.86,2.17,0.02,4.43,0.45,0.31,1.55,2.38,0.43,0.36,0.0,2.64,0.0,1.0
57.0,13.2,10.9,11.55,13.3,10.03,145,11.333333333333334,13.85,11.0,1.4290484140233723,1.2,1.88,3.0,1.0,1.16,0,0.84,2.44,0.0,4.93,0.2,0.48,1.84,1.52,0.04,0.36,0.0,2.76,0.0,1.0
59.84,11.1,9.8,9.75,10.7,7.67,145,7.125,10.45,10.0,1.2351190476190477,0.14583333333333334,1.58,1.94,1.44,1.23,0,1.0,2.33,0.0,3.93,0.02,0.73,1.5,0.25,0.0,0.62,0.0,2.75,0.0,1.0
47.72,13.9,12.4,12.77,14.7,10.0,45,11.5,14.48,12.0,1.3508771929824561,0.42857142857142855,1.86,2.43,1.0,2.43,0,0.57,1.29,0.0,5.86,0.29,0.71,1.57,0.29,0.0,1.57,0.0,3.71,0.0,0.86
53.44,13.7,12.3,11.61,15.2,10.3,157,16.25,14.85,12.0,1.4449213161659513,1.48,2.56,2.72,1.04,1.0,0,1.4,2.56,0.0,6.2,0.36,0.8,2.04,2.16,0.2,0.8,0.0,3.12,0.0,1.0
67.59,11.1,8.9,8.18,9.7,8.24,136,8.571428571428571,11.1,9.0,1.3559322033898304,0.17073170731707318,1.63,2.44,1.1,1.32,0,0.8,2.17,0.0,4.49,0.05,0.56,2.39,0.12,0.05,0.61,0.0,2.88,0.0,0.98
53.81,12.0,10.1,12.06,11.7,9.12,241,8.428571428571429,10.45,12.0,1.5598086124401913,1.3134328358208955,2.24,2.3,0.54,0.54,0,0.88,1.58,0.01,4.22,0.24,0.34,1.0,2.09,0.03,0.03,0.04,1.63,0.01,0.99
71.44,10.0,7.4,8.52,8.8,7.9,121,11.6,9.27,9.0,1.2916666666666667,0.6274509803921569,1.08,1.71,1.02,1.25,0,0.41,1.25,0.04,2.76,0.2,0.75,2.55,0.69,0.8,0.47,0.0,2.35,0.49,1.0
63.39,11.8,8.5,11.42,10.7,8.35,171,6.875,10.26,9.0,1.3034825870646767,0.5263157894736842,1.77,1.93,0.68,1.19,0,0.72,1.07,0.0,3.9,0.3,0.42,1.21,0.21,0.04,0.39,0.0,2.25,0.0,1.0
73.47,10.1,6.7,8.75,7.9,8.48,148,6.25,8.96,9.0,1.2336892052194544,0.7924528301886793,1.55,1.85,0.6,1.15,0,0.43,1.77,0.0,3.77,0.38,0.45,0.62,0.72,0.08,0.19,0.0,1.36,0.0,0.98
67.69,11.4,8.9,9.57,10.9,9.76,115,7.142857142857142,11.45,11.0,1.448220064724919,1.3571428571428572,2.14,2.82,1.07,0.75,0,0.79,2.32,0.0,4.67,0.39,0.39,1.64,1.18,0.25,0.25,0.0,1.93,0.0,1.0
50.46,14.6,11.4,12.65,13.5,9.53,139,14.4,13.33,14.0,1.3876651982378854,1.4838709677419355,2.45,2.77,0.68,1.1,0,0.97,2.16,0.0,4.29,0.52,0.39,0.87,2.06,0.0,0.16,0.0,2.0,0.0,1.0
60.35,11.5,9.6,10.62,11.2,9.58,128,8.666666666666666,11.28,10.0,1.2916030534351146,1.03125,1.69,2.12,0.81,0.97,0,0.91,2.09,0.0,4.94,0.41,0.53,0.88,0.97,0.0,0.31,0.0,2.88,0.0,0.97
80.72,8.3,6.0,5.8,6.2,7.61,93,7.833333333333334,7.9,8.0,0.9016913319238901,0.6153846153846154,1.21,1.33,1.23,1.5,0,0.77,1.25,0.06,3.02,0.48,0.71,2.15,0.31,0.31,0.56,0.0,2.19,0.0,1.0
69.82,11.4,8.1,9.23,9.5,8.56,200,12.0,10.9,9.0,1.3424657534246576,0.6428571428571429,1.64,2.18,1.09,0.8,0,0.7,1.71,0.0,3.27,0.11,0.61,2.54,0.61,0.07,0.45,0.0,2.8,0.0,0.98
59.94,12.0,9.8,11.84,12.4,10.85,156,15.0,12.06,12.0,1.3577586206896552,2.242424242424242,2.15,2.15,0.79,0.45,0,0.55,2.42,0.0,4.27,0.88,0.36,0.67,3.52,0.06,0.24,0.0,1.58,0.0,1.0
49.35,13.5,11.8,11.72,13.4,9.18,216,8.0,13.1,12.0,1.5275958840037418,0.9782608695652174,2.37,2.72,1.13,1.37,0,0.74,2.09,0.0,4.7,0.24,0.85,1.85,1.17,0.17,0.52,0.0,2.33,0.0,1.0
65.52,10.7,7.6,9.04,8.1,8.08,112,7.7142857142857135,9.22,8.0,1.12,0.2765957446808511,1.02,1.19,0.7,1.36,0,0.7,1.15,0.0,2.75,0.04,0.49,1.62,0.53,0.45,0.47,0.0,2.3,0.0,1.0
66.47,11.6,9.4,9.69,11.6,8.04,122,12.2,11.68,12.0,1.3878281622911695,1.1944444444444444,1.53,2.86,1.25,1.19,0,0.86,2.42,0.0,4.14,0.19,0.75,2.28,1.14,0.36,0.5,0.0,2.81,0.0,1.0
78.89,9.9,6.7,6.09,7.0,7.49,168,7.857142857142858,9.31,7.0,1.2339350180505415,1.0,0.93,2.14,0.78,0.6,0,0.85,1.65,0.0,3.54,0.96,0.61,1.99,0.42,0.03,0.31,0.0,2.61,0.0,1.0
59.74,12.2,9.9,10.91,11.8,8.62,169,16.75,11.73,12.0,1.2078922040423483,0.8333333333333334,2.35,2.31,1.42,1.5,0,0.71,1.65,0.0,4.46,0.38,0.67,1.58,0.44,0.17,0.75,0.0,2.29,0.0,0.98
65.86,12.1,9.6,8.3,10.7,8.34,135,11.8,11.83,12.0,1.5242937853107346,0.47368421052631576,1.39,2.92,1.16,1.29,0,0.84,2.61,0.0,5.29,0.24,0.53,2.32,0.24,0.0,0.47,0.0,3.03,0.0,0.97
65.66,11.5,9.7,10.68,12.6,8.64,153,10.8,11.68,12.0,1.4921414538310414,0.5,1.95,3.12,1.07,1.45,0,0.52,2.05,0.0,5.67,0.1,0.69,1.48,0.38,0.33,0.48,0.0,2.95,0.0,1.0
81.02,8.6,5.8,6.67,6.5,7.39,146,6.571428571428571,7.87,7.0,1.138239339752407,0.8588235294117647,0.91,1.73,1.18,1.24,0,0.61,1.42,0.0,2.96,0.44,0.62,1.82,0.46,0.09,0.35,0.0,2.21,0.0,1.0
81.83,8.9,5.5,6.08,5.9,7.41,92,8.166666666666666,7.9,6.0,1.2033149171270718,1.0178571428571428,0.82,1.64,0.82,1.05,0,0.48,1.38,0.0,2.25,0.3,0.62,2.21,1.0,0.04,0.38,0.0,2.18,0.0,0.98
73.37,9.8,6.7,8.17,7.7,7.82,96,11.4,8.14,8.0,1.2237196765498652,0.4222222222222222,1.13,1.53,1.09,1.29,0,0.51,1.16,0.02,3.16,0.04,0.51,1.91,0.49,0.49,0.33,0.0,1.84,0.0,0.98
61.16,11.8,9.3,10.73,10.9,8.05,122,8.428571428571429,10.72,11.0,1.3677736777367773,0.3902439024390244,1.44,1.9,1.51,1.02,0,0.59,2.24,0.0,4.61,0.1,0.56,1.54,0.41,0.12,0.56,0.0,2.22,0.02,0.98
55.74,11.4,9.3,11.37,10.1,8.66,165,8.0,10.0,10.0,1.350737797956867,0.32075471698113206,1.72,1.36,0.96,1.38,0,0.62,1.47,0.02,3.68,0.15,0.49,0.79,0.64,0.04,0.23,0.0,1.72,0.0,1.0
65.52,10.7,7.6,9.33,8.3,8.65,118,6.5,8.51,9.0,1.2606232294617563,0.9333333333333333,1.58,1.62,1.09,0.76,0,0.76,1.33,0.0,3.44,0.69,0.33,0.71,0.53,0.04,0.27,0.0,1.53,0.0,1.0
68.91,10.7,8.4,9.52,10.3,8.34,109,10.6,10.59,11.0,1.3979721166032952,1.7105263157894737,1.95,2.32,0.95,1.08,0,0.58,2.11,0.0,4.87,0.5,0.66,1.47,1.08,0.05,0.29,0.0,1.89,0.0,0.97
69.92,10.1,8.0,8.99,9.5,8.23,102,7.142857142857142,9.98,8.0,1.2707736389684814,0.8,1.46,1.97,0.94,1.34,0,0.49,1.91,0.0,4.14,0.2,0.66,1.46,0.46,0.49,0.77,0.0,2.69,0.0,0.97
58.82,12.0,10.2,10.91,12.2,8.78,152,16.25,11.86,12.0,1.2266355140186915,1.0526315789473684,2.08,2.21,1.29,1.66,0,0.68,2.37,0.03,4.5,0.11,0.68,1.32,1.29,0.45,0.68,0.0,2.21,0.0,0.97
60.55,12.7,9.6,9.57,10.3,7.96,110,10.142857142857142,11.57,10.0,1.3619456366237481,0.20588235294117646,1.74,2.38,1.09,1.47,0,0.53,1.62,0.03,3.91,0.15,0.79,2.76,0.15,0.32,0.32,0.0,2.32,0.0,0.97
67.28,11.2,9.0,8.24,10.0,8.55,127,8.333333333333334,11.56,9.0,1.3589076723016904,0.6,1.77,2.43,1.09,1.31,0,0.66,2.51,0.0,4.89,0.11,0.37,2.09,0.69,0.03,0.74,0.0,2.29,0.0,1.0
67.18,11.1,9.1,10.21,11.7,9.63,116,10.666666666666666,11.53,12.0,1.2954545454545454,1.0344827586206897,2.45,2.66,1.24,1.34,0,0.97,2.17,0.0,4.59,0.21,0.45,1.31,1.21,0.62,0.38,0.0,2.21,0.0,0.97
62.17,11.6,8.9,8.93,9.2,7.59,116,8.714285714285714,9.97,9.0,1.2741764080765143,0.64,1.22,1.96,1.06,1.84,0,0.64,1.68,0.0,3.56,0.72,0.6,1.44,0.36,0.04,0.6,0.0,2.08,0.0,1.0
70.63,10.1,7.8,8.06,8.6,7.57,121,10.5,9.72,8.0,1.360725720384205,0.3541666666666667,0.9,2.04,0.88,1.46,0,0.6,1.27,0.02,3.5,0.23,0.65,3.0,0.33,0.6,0.4,0.0,2.65,0.0,1.0
50.8,13.8,13.3,11.79,16.3,11.01,160,22.0,15.87,14.0,1.4952830188679245,1.7619047619047619,2.9,3.24,1.57,0.81,0,1.19,3.48,0.0,6.86,0.48,0.81,1.67,3.0,0.0,0.43,0.0,2.9,0.0,0.95
66.54,9.8,7.3,9.56,8.2,8.68,141,10.166666666666666,8.02,9.0,1.2844272844272844,0.6037735849056604,1.4,1.57,0.62,1.0,0,0.45,1.43,0.04,3.06,0.15,0.43,1.0,0.72,0.19,0.28,0.0,1.26,0.0,1.0
64.44,12.2,10.1,10.22,12.7,8.62,81,14.25,12.09,13.0,1.361256544502618,0.782608695652174,1.35,2.96,1.26,1.22,0,1.13,2.78,0.0,5.61,0.35,0.57,1.74,1.22,0.0,0.57,0.0,3.09,0.04,1.0
66.57,10.2,9.3,7.83,10.2,8.18,120,11.2,10.75,11.0,1.2622767857142858,0.631578947368421,1.66,2.47,1.37,1.08,0,0.66,2.63,0.03,4.26,0.32,0.71,2.13,0.61,0.79,0.68,0.0,3.18,0.0,1.0
54.83,12.0,9.7,10.61,9.9,9.26,41,10.333333333333334,11.19,10.0,1.0862068965517242,0.6,0.9,1.5,0.7,1.3,0,0.6,1.9,0.0,3.9,0.3,0.5,1.7,0.5,0.0,0.5,0.0,2.2,0.0,0.9
60.85,12.4,9.4,11.26,11.5,8.8,151,12.0,11.53,12.0,1.3823178016726403,1.853658536585366,1.59,1.98,0.83,1.15,0,0.59,1.93,0.0,3.24,0.34,0.85,1.44,2.39,0.39,0.29,0.0,2.41,0.0,1.0
73.17,9.8,6.8,8.81,8.2,8.39,184,8.833333333333334,8.89,9.0,1.111683848797251,0.5352112676056338,1.46,1.31,0.62,0.97,0,0.77,1.63,0.01,3.77,0.13,0.48,1.32,0.72,0.03,0.31,0.0,1.82,0.0,1.0
57.81,12.7,10.6,10.62,12.4,10.16,123,12.6,13.16,13.0,1.5172413793103448,1.25,2.38,2.62,0.79,0.88,0,0.79,2.67,0.0,5.21,0.04,0.62,1.08,2.83,0.0,0.08,0.0,2.0,0.0,0.96
43.87,15.7,13.9,11.84,15.9,9.26,146,19.333333333333332,15.83,16.0,1.4229195088676672,0.12,3.2,3.16,1.8,1.84,0,1.44,2.32,0.0,6.2,0.0,0.88,2.4,0.32,1.0,0.68,0.0,3.12,0.0,0.96
65.46,10.9,9.7,9.81,11.8,8.06,26,11.4,11.57,12.0,1.3658536585365855,0.5714285714285714,1.86,3.0,0.86,1.29,0,1.0,2.71,0.0,5.71,0.0,0.86,1.29,0.57,0.0,0.71,0.0,2.71,0.0,0.86
78.99,8.8,6.6,6.15,7.0,7.14,99,8.333333333333334,8.93,7.0,1.1395604395604395,0.4791666666666667,1.29,1.6,1.38,1.79,0,0.67,1.19,0.0,2.78,0.12,0.42,3.27,0.31,0.04,0.69,0.0,2.29,0.0,1.0
81.02,9.7,5.8,7.71,7.6,8.27,119,7.7142857142857135,8.81,8.0,1.2936596218020022,0.7058823529411765,1.1,1.65,0.92,1.22,0,0.2,1.67,0.0,2.88,0.31,0.78,1.84,0.78,0.63,0.45,0.0,2.12,0.0,1.0
64.95,10.5,9.9,9.06,11.6,8.79,132,8.833333333333334,11.25,9.0,1.306930693069307,1.7837837837837838,1.78,3.14,0.97,1.11,0,1.08,2.81,0.0,4.43,0.43,0.54,1.32,2.73,0.0,0.22,0.0,2.24,0.0,1.0
27.35,18.2,16.1,14.57,17.8,9.68,139,17.5,16.69,18.0,1.6752827140549273,0.09090909090909091,3.73,3.86,1.32,1.32,0,1.23,2.41,0.0,6.84,0.05,0.45,1.27,0.14,0.18,0.45,0.0,2.82,0.0,1.0
80.51,9.6,6.0,6.32,6.5,7.47,157,7.857142857142858,8.66,6.0,1.067378252168112,0.7951807228915663,0.99,1.63,0.94,0.99,0,0.89,1.52,0.0,3.2,0.63,0.57,2.0,0.54,0.11,0.42,0.0,2.51,0.01,1.0
62.17,11.7,8.9,9.34,9.4,8.04,33,6.625,10.75,9.0,1.504950495049505,0.7272727272727273,1.55,2.27,1.09,0.91,0,0.36,1.45,0.0,4.36,0.27,0.73,1.36,0.0,0.0,0.73,0.0,2.36,0.0,0.91
60.99,11.8,11.5,7.72,12.7,8.23,152,11.2,12.9,12.0,1.1349840255591055,1.2439024390243902,1.93,2.41,1.9,3.07,0,1.0,1.95,0.02,4.32,0.39,1.17,4.15,1.56,1.22,0.93,0.0,3.51,0.0,1.0
77.47,9.6,7.2,6.73,8.2,7.46,107,11.8,9.44,7.0,1.2814814814814814,1.2941176470588236,0.88,2.18,1.04,1.51,0,0.75,2.1,0.0,3.25,0.55,0.55,2.41,0.92,0.73,0.53,0.08,2.71,0.0,1.0
76.96,9.6,7.4,8.12,9.3,7.7,149,11.2,9.61,10.0,1.204809930178433,0.7741935483870968,1.4,2.21,1.23,1.32,0,0.87,1.73,0.05,3.87,0.4,0.71,2.31,0.39,0.11,0.47,0.0,2.74,0.0,0.98
70.84,10.8,7.7,7.6,8.0,7.68,89,7.7142857142857135,10.08,8.0,1.1071428571428572,0.5151515151515151,1.15,1.45,1.24,1.64,0,0.58,1.33,0.03,2.94,0.3,1.12,2.33,0.12,0.3,0.45,0.0,2.67,0.0,1.0
64.1,11.1,8.2,10.03,9.3,8.68,92,7.7142857142857135,9.93,9.0,1.4193548387096775,0.65625,1.28,1.94,0.62,0.84,0,0.44,1.78,0.0,3.59,0.16,0.41,1.72,0.44,0.75,0.22,0.0,2.28,0.0,0.97
67.08,12.2,9.1,8.82,10.5,8.6,156,10.666666666666666,11.93,9.0,1.393640350877193,0.8536585365853658,1.83,2.68,1.05,1.15,0,0.88,2.22,0.0,4.44,0.22,0.49,2.22,1.27,0.12,0.56,0.0,2.15,0.0,0.98
69.01,9.6,8.4,7.95,8.9,8.15,171,8.666666666666666,9.86,9.0,1.3649962602842185,1.3384615384615384,1.46,2.78,0.8,0.92,0,0.6,2.02,0.0,3.53,0.71,0.34,2.02,1.32,0.03,0.32,0.0,2.28,0.0,1.0
71.68,10.4,9.4,7.32,11.1,7.29,86,13.75,11.79,7.0,1.3533604887983706,1.027027027027027,1.78,3.16,2.14,1.46,0,1.19,2.7,0.0,4.49,0.35,0.41,3.19,0.92,0.16,0.59,0.0,3.03,0.0,0.97
72.56,9.2,7.0,8.06,7.7,7.65,120,7.142857142857142,8.03,8.0,1.257328990228013,0.5471698113207547,1.17,1.98,0.85,1.06,0,0.51,1.51,0.02,2.92,0.32,0.66,2.25,0.55,0.38,0.25,0.0,1.96,0.0,1.0
57.81,11.8,10.6,10.56,12.4,8.95,144,10.333333333333334,11.91,11.0,1.5407407407407407,1.0857142857142856,1.49,3.11,1.23,1.14,0,0.6,2.71,0.0,4.91,0.57,0.6,1.66,0.63,0.17,0.4,0.0,2.91,0.0,1.0
71.34,9.8,7.5,7.13,7.7,7.72,152,8.333333333333334,9.36,8.0,1.3040702314445332,0.6,0.95,2.0,1.02,1.37,0,0.62,1.6,0.05,3.05,0.15,0.77,2.32,0.58,0.63,0.51,0.0,2.66,0.0,1.0
69.21,10.8,8.3,9.17,10.0,8.68,130,9.0,10.53,9.0,1.3699346405228758,1.054054054054054,1.46,2.27,1.14,1.08,0,0.54,1.65,0.0,3.76,0.22,0.54,2.27,1.51,0.46,0.54,0.0,2.03,0.0,1.0
61.36,11.0,9.2,11.08,11.1,8.71,147,12.8,10.38,11.0,1.457177322074789,1.2142857142857142,1.79,1.86,0.95,1.0,0,0.6,1.98,0.0,4.36,0.29,0.71,1.43,0.88,0.17,0.36,0.0,2.4,0.0,0.98
66.57,11.3,9.3,8.88,10.9,8.83,86,8.666666666666666,11.87,9.0,1.5073068893528183,0.2857142857142857,1.43,2.76,1.24,1.38,0,1.0,2.14,0.0,5.24,0.05,0.76,1.62,0.48,0.29,0.57,0.0,2.86,0.0,1.0
70.57,11.3,9.9,6.74,11.0,7.22,85,8.333333333333334,12.83,7.0,1.3218249075215782,0.0,1.3,2.57,1.33,2.9,0,0.97,2.07,0.0,4.1,0.0,1.1,5.2,0.0,0.0,0.9,0.0,3.63,0.0,0.97
48.43,13.2,12.1,12.65,14.4,10.4,125,14.4,13.95,14.0,1.6367112810707456,0.7619047619047619,2.52,3.19,0.76,1.24,0,1.05,1.81,0.0,5.57,0.19,0.57,1.57,1.24,1.1,0.29,0.0,2.86,0.0,0.95
57.4,12.3,10.8,10.39,12.5,8.98,167,12.4,12.53,13.0,1.552325581395349,1.1388888888888888,1.69,3.14,1.67,1.61,0,0.33,2.22,0.0,4.31,0.28,0.89,1.83,1.0,0.47,0.5,0.0,2.97,0.0,0.97
57.5,12.5,10.7,10.56,12.5,8.78,164,6.714285714285714,12.8,13.0,1.479048697621744,0.5,2.29,3.05,1.08,1.42,0,0.95,2.32,0.0,5.21,0.03,0.42,2.13,0.42,0.0,0.39,0.0,2.55,0.0,0.97
67.69,10.8,8.9,7.89,9.6,8.55,88,11.2,11.02,9.0,1.4304761904761905,0.20833333333333334,1.71,2.79,0.88,1.08,0,0.92,2.08,0.04,4.92,0.04,0.62,2.29,0.29,0.21,0.5,0.0,2.54,0.0,0.96
70.94,10.3,7.6,8.18,8.4,8.59,169,6.111111111111111,10.12,8.0,1.606,0.3148148148148148,1.35,1.96,0.87,1.15,0,0.65,1.8,0.0,3.74,0.06,0.61,2.22,0.26,0.19,0.43,0.0,2.26,0.0,0.98
33.41,18.0,17.9,12.08,20.8,10.1,137,23.0,20.68,18.0,1.6866438356164384,0.13333333333333333,4.0,4.67,2.07,3.33,0,2.13,3.53,0.0,8.67,0.07,1.2,2.53,0.07,0.4,0.8,0.0,4.53,0.0,0.93
41.19,14.4,12.9,14.33,15.3,10.39,55,17.25,15.34,15.0,1.3888888888888888,0.625,2.5,3.5,2.0,1.12,0,0.62,2.0,0.0,5.62,0.0,0.62,0.62,0.25,0.0,0.25,0.0,2.5,0.0,0.88
47.52,14.7,12.5,12.48,14.6,9.52,163,12.4,15.17,15.0,1.5151515151515151,0.27586206896551724,2.55,3.55,1.31,1.62,0,1.14,2.72,0.0,6.45,0.03,0.69,1.14,0.03,0.34,0.31,0.0,2.17,0.0,0.97
62.78,10.7,8.7,10.26,10.0,8.91,186,8.0,10.01,9.0,1.1966893865628043,0.8214285714285714,1.59,1.95,1.12,0.89,0,0.71,1.86,0.0,4.25,0.32,0.43,1.02,0.3,0.25,0.38,0.0,2.2,0.0,1.0
62.72,11.7,10.8,9.29,12.8,8.4,78,15.0,12.86,13.0,1.392079207920792,1.105263157894737,2.53,3.26,1.37,1.58,0,0.84,2.84,0.0,5.0,0.21,0.68,2.53,1.0,0.11,0.89,0.0,2.79,0.0,0.95
35.31,16.7,15.1,13.81,17.4,9.48,202,11.333333333333334,16.47,17.0,1.6797385620915033,0.71875,3.59,4.47,1.66,1.28,0,1.28,3.16,0.0,6.67,0.28,0.34,0.88,0.72,0.41,0.41,0.0,2.34,0.0,1.0
61.97,11.3,9.0,9.22,9.6,8.64,163,15.5,10.85,9.0,1.4168466522678185,0.6041666666666666,1.54,2.06,0.81,1.62,0,0.6,2.02,0.0,3.71,0.1,0.52,1.75,0.81,0.25,0.48,0.0,2.0,0.0,1.0
67.08,10.9,9.1,9.46,11.0,9.01,77,11.2,11.48,11.0,1.543103448275862,0.2857142857142857,1.24,2.76,0.95,1.24,0,1.19,2.38,0.0,5.43,0.1,0.38,1.86,0.29,0.0,0.43,0.0,2.9,0.0,0.95
63.43,12.1,10.5,9.87,13.0,8.72,143,12.0,13.14,13.0,1.466588511137163,0.8181818181818182,2.12,3.0,1.3,1.27,0,0.82,3.33,0.03,6.03,0.39,0.64,1.7,0.64,0.06,0.67,0.0,2.88,0.0,0.97
56.29,13.5,11.2,10.39,12.7,8.32,154,8.5,13.76,14.0,1.465986394557823,0.19444444444444445,2.17,2.78,1.61,2.0,0,1.03,2.58,0.03,5.06,0.0,0.78,2.03,0.22,0.11,0.69,0.0,2.44,0.0,0.97
67.08,11.0,9.1,8.7,10.4,8.45,65,12.6,10.83,9.0,1.3326530612244898,0.9545454545454546,1.5,2.36,0.73,1.32,0,0.82,2.05,0.05,4.09,0.18,1.18,2.23,1.0,0.09,1.0,0.0,2.73,0.0,0.95
80.82,9.5,5.9,5.68,6.1,7.07,112,8.5,8.84,6.0,1.1924398625429553,0.359375,1.0,1.73,0.94,1.27,0,0.61,1.23,0.03,2.66,0.05,0.61,3.2,0.36,0.88,0.42,0.0,2.17,0.0,1.0
69.92,10.6,8.0,8.82,9.2,8.18,82,8.666666666666666,10.35,9.0,1.2962962962962963,0.36,0.96,1.96,0.92,1.36,0,0.52,1.72,0.0,3.8,0.04,1.24,2.08,0.52,0.04,0.44,0.0,2.88,0.0,0.96
58.01,13.7,10.5,10.85,12.6,8.73,195,13.4,13.41,11.0,1.3848484848484848,0.5116279069767442,2.21,2.42,1.12,1.56,0,1.14,1.7,0.0,4.44,0.02,0.63,2.77,0.67,0.3,0.63,0.0,2.44,0.0,0.98
51.35,13.5,15.2,9.59,18.3,8.98,123,14.75,17.84,15.0,1.5006657789613849,0.85,2.15,4.45,2.35,3.25,0,1.35,2.8,0.0,6.05,0.2,1.15,6.15,0.35,0.0,1.05,0.0,5.3,0.0,0.95
66.47,11.8,9.4,8.88,10.9,8.77,173,15.75,12.08,9.0,1.5192697768762677,0.6511627906976745,2.07,2.67,1.09,1.12,0,0.67,2.35,0.0,4.55,0.33,0.81,2.26,0.51,0.12,0.51,0.0,2.74,0.0,1.0
65.76,11.4,9.6,9.23,11.3,8.17,138,12.2,12.23,12.0,1.4002242152466369,0.6052631578947368,1.74,2.66,1.29,1.61,0,1.03,2.05,0.0,4.89,0.13,0.5,2.95,0.58,0.0,0.45,0.0,2.61,0.0,1.0
32.06,16.6,16.4,12.78,18.0,9.58,204,16.0,17.27,17.0,1.5407725321888412,0.41379310344827586,3.69,3.9,1.69,1.9,0,1.14,3.86,0.0,7.03,0.21,0.93,1.79,0.28,0.59,0.83,0.0,3.34,0.0,0.97
82.54,7.1,5.2,6.02,5.8,7.84,101,10.6,6.71,6.0,1.1553610503282277,0.5178571428571429,0.84,1.55,0.89,1.12,0,0.54,1.16,0.04,2.59,0.07,0.39,2.2,0.43,0.71,0.36,0.0,2.34,0.0,1.0
67.99,10.7,8.8,8.7,10.0,7.87,136,21.0,10.89,9.0,1.3140311804008908,0.42857142857142855,1.67,2.24,1.14,1.26,0,0.83,2.12,0.0,4.26,0.24,0.88,1.64,0.33,0.1,0.64,0.0,3.05,0.0,0.98
62.92,11.4,10.7,9.29,12.7,8.47,143,11.4,12.82,11.0,1.5784313725490196,0.6571428571428571,1.94,3.11,1.54,1.89,0,0.89,2.83,0.0,5.43,0.17,0.69,2.54,0.31,0.06,0.57,0.0,3.29,0.0,0.97
66.47,11.7,9.4,10.15,11.9,8.7,88,19.333333333333332,12.18,12.0,1.78,0.9090909090909091,1.95,2.82,0.86,1.23,0,0.64,2.41,0.0,4.59,0.27,0.55,2.05,1.0,0.0,0.41,0.0,3.0,0.0,0.95
71.04,10.7,7.6,8.35,8.5,8.37,86,12.0,10.07,8.0,1.5196998123827392,0.9655172413793104,1.1,2.28,0.66,1.34,0,0.72,1.79,0.0,4.14,0.31,0.52,1.31,0.86,0.07,0.24,0.0,2.03,0.0,1.0
73.98,10.1,6.5,8.63,7.8,8.2,147,5.555555555555555,8.67,9.0,1.1646168401135288,0.42424242424242425,1.15,1.73,0.68,0.92,0,0.53,1.44,0.08,3.06,0.14,0.35,1.47,0.42,0.58,0.35,0.0,2.03,0.02,1.0
46.0,15.2,13.1,11.84,14.8,9.03,195,17.0,15.0,15.0,1.4837696335078534,0.5555555555555556,2.33,3.44,1.25,1.64,0,1.08,3.06,0.0,5.67,0.14,0.64,2.19,0.67,0.36,0.47,0.0,2.53,0.08,0.97
72.87,10.2,6.9,7.94,7.7,7.65,137,12.4,9.49,8.0,1.178154825026511,0.5,1.3,1.8,0.89,1.71,0,0.45,1.46,0.02,2.62,0.18,0.45,2.25,0.45,0.23,0.32,0.0,1.66,0.0,1.0
48.13,13.7,12.3,12.19,13.9,8.8,233,14.0,13.16,14.0,1.4193811074918568,0.5882352941176471,2.92,3.0,1.04,1.88,0,1.08,2.2,0.0,5.84,0.29,0.51,1.18,0.29,0.04,0.49,0.0,2.33,0.0,0.98
48.94,13.9,11.9,11.37,13.1,8.93,178,12.6,13.41,14.0,1.6242707117852975,0.2972972972972973,2.32,3.03,0.7,1.81,0,0.7,2.3,0.0,5.49,0.11,0.92,1.35,0.27,0.0,0.49,0.0,2.7,0.0,0.97
66.57,11.0,9.3,8.76,10.8,9.29,32,12.0,11.86,9.0,1.1758241758241759,1.875,1.38,2.25,1.5,2.25,0,0.5,2.25,0.0,4.5,0.75,1.0,0.88,1.5,0.0,0.75,0.0,2.38,0.0,0.88
59.23,12.1,10.1,10.44,11.7,8.77,181,8.571428571428571,11.86,12.0,1.5176589303733603,0.6888888888888889,2.0,2.36,1.29,0.98,0,0.58,2.24,0.0,4.76,0.13,0.78,1.51,0.6,0.38,0.58,0.0,2.84,0.02,0.98
81.02,8.6,5.8,7.36,7.1,7.79,130,8.333333333333334,8.3,8.0,1.3482926829268294,0.9666666666666667,1.03,2.02,0.92,1.03,0,0.47,1.87,0.02,3.22,0.08,0.55,1.35,1.22,0.22,0.17,0.0,1.92,0.0,1.0
57.91,13.1,10.6,10.68,12.3,8.77,226,8.142857142857142,13.24,11.0,1.6266786034019696,0.32653061224489793,1.73,2.65,1.1,1.61,0,0.86,2.04,0.0,5.1,0.1,0.73,2.2,0.18,0.06,0.73,0.0,2.69,0.0,0.98
69.31,10.5,8.3,9.4,10.1,8.66,146,18.666666666666668,10.05,9.0,1.3905759162303666,1.0638297872340425,1.49,2.17,0.91,1.02,0,0.81,2.13,0.0,4.87,0.23,0.49,1.3,1.15,0.26,0.32,0.02,2.17,0.0,0.98
60.45,12.0,9.6,10.21,10.9,8.67,183,5.875,11.59,12.0,1.4619341563786008,0.2553191489361702,1.87,1.96,1.53,1.4,0,0.98,2.0,0.0,3.85,0.09,0.57,1.64,0.09,0.43,0.55,0.0,2.74,0.0,0.98
70.94,10.1,7.6,8.7,9.0,8.08,167,11.6,9.42,9.0,1.536770921386306,0.4126984126984127,1.38,2.16,0.83,1.1,0,0.48,1.94,0.0,3.98,0.14,0.81,1.65,0.4,0.24,0.41,0.0,2.27,0.02,0.98
60.95,11.9,9.4,10.39,10.7,8.56,149,11.0,11.17,11.0,1.4039580908032596,0.9534883720930233,2.33,2.6,1.0,1.02,0,0.7,1.84,0.02,4.56,0.56,0.53,0.72,0.42,0.05,0.4,0.0,2.23,0.0,1.0
83.15,8.8,5.0,6.84,5.9,7.15,113,6.5,7.42,7.0,1.1653696498054475,0.7101449275362319,0.99,1.51,0.94,1.13,0,0.49,1.36,0.0,2.49,0.09,0.58,1.78,0.55,0.0,0.26,0.0,1.74,0.0,0.99
80.92,7.6,5.9,7.6,7.4,7.04,105,11.8,7.45,8.0,1.061482820976492,0.6190476190476191,0.89,1.79,1.43,1.52,0,0.62,1.67,0.0,2.56,0.1,0.44,1.78,0.51,0.46,0.41,0.0,2.37,0.0,1.0
47.99,12.7,10.2,12.87,11.3,9.34,51,8.714285714285714,12.44,13.0,1.3280423280423281,0.16666666666666666,1.67,1.67,1.25,1.33,0,0.42,0.92,0.0,3.0,0.0,0.42,1.0,0.33,0.0,0.5,0.0,2.33,0.0,0.92
44.37,15.3,13.7,11.44,15.2,8.97,147,13.8,15.56,14.0,1.6982643524699599,0.25925925925925924,2.67,3.93,1.04,1.44,0,1.19,2.7,0.0,6.56,0.3,0.78,2.3,0.07,0.0,0.93,0.0,2.89,0.0,0.96
64.44,12.4,10.1,9.29,12.0,8.44,95,8.0,13.23,8.0,1.33206106870229,0.6666666666666666,1.86,2.43,1.62,1.38,0,1.19,2.33,0.0,4.52,0.14,0.86,3.38,0.57,0.0,0.71,0.0,3.0,0.0,0.95
58.72,13.1,10.3,9.05,10.7,8.48,97,24.333333333333332,13.18,10.0,1.5750452079566004,0.28,1.56,2.56,1.08,1.36,0,1.04,2.28,0.0,4.28,0.28,0.52,2.64,0.2,0.0,0.52,0.0,2.84,0.0,0.96
56.18,13.5,11.2,10.86,13.2,9.05,191,16.5,13.89,14.0,1.6365568544102018,0.5789473684210527,2.16,3.05,1.18,1.76,0,0.87,2.66,0.03,5.08,0.11,0.82,2.05,0.63,0.08,0.68,0.0,2.63,0.0,0.97
46.2,14.9,13.0,13.0,15.6,9.77,118,12.4,16.03,13.0,1.4678111587982832,0.3333333333333333,2.89,3.0,1.28,1.39,0,0.5,2.17,0.0,6.22,0.17,0.56,2.72,0.39,0.0,0.61,0.0,3.06,0.0,0.94
83.66,8.4,4.8,7.47,6.7,7.39,123,11.2,6.8,7.0,1.0517529215358932,0.8227848101265823,0.76,1.56,0.47,1.04,0,0.41,1.43,0.01,2.41,0.11,0.43,1.81,0.84,0.81,0.28,0.0,1.81,0.0,1.0
58.42,12.8,10.4,10.56,12.0,9.66,111,12.2,13.11,10.0,1.3660531697341514,0.5454545454545454,1.95,2.32,1.45,1.36,0,0.77,2.36,0.05,4.95,0.14,0.5,1.41,0.55,0.0,0.55,0.0,2.91,0.0,0.95
72.36,9.7,7.1,8.35,8.1,8.53,99,12.0,9.24,9.0,1.1628318584070796,0.75,1.16,1.22,0.88,1.5,0,0.62,1.28,0.03,3.06,0.19,0.69,1.97,0.91,0.38,0.72,0.0,2.06,0.0,1.0
49.89,14.5,13.7,11.21,16.2,8.52,134,12.0,15.3,15.0,1.5148387096774194,0.6,2.88,2.96,2.4,2.16,0,1.08,2.84,0.0,5.6,0.44,0.96,3.24,0.24,0.32,1.32,0.0,3.6,0.0,0.96
55.37,13.7,11.5,11.09,13.7,9.35,102,18.25,14.4,14.0,1.482213438735178,0.45,1.9,3.85,1.65,1.75,0,0.95,1.95,0.0,5.43,0.05,0.75,2.05,0.4,0.0,0.4,0.0,2.9,0.0,1.0
82.65,7.5,5.2,5.91,5.4,7.25,89,5.625,6.71,6.0,1.1239470517448857,0.5185185185185185,0.72,1.52,0.76,0.91,0,0.5,1.2,0.07,2.87,0.26,0.5,2.02,0.28,0.19,0.48,0.0,2.13,0.0,0.98
67.99,10.9,8.8,9.05,10.4,8.62,126,14.0,10.76,9.0,1.2925659472422062,0.6578947368421053,1.39,2.29,0.95,1.34,0,0.76,2.13,0.03,4.39,0.16,0.63,2.5,0.68,0.34,0.45,0.0,2.87,0.0,1.0
64.64,11.3,10.1,10.28,12.7,9.26,173,14.25,12.42,10.0,1.6240437158469945,0.7567567567567568,2.24,3.08,0.89,1.11,0,1.16,2.84,0.0,5.38,0.08,0.7,1.81,0.89,0.16,0.57,0.0,2.84,0.0,0.97
77.98,10.1,7.0,7.6,8.4,7.73,133,10.8,9.95,8.0,1.3147368421052632,0.3958333333333333,1.4,2.15,1.1,1.12,0,0.73,2.1,0.04,3.65,0.15,0.69,2.1,0.44,0.12,0.52,0.0,2.5,0.0,0.98
57.1,12.4,10.9,10.28,12.3,8.94,170,6.714285714285714,12.83,13.0,1.4944812362030906,0.6578947368421053,2.29,2.82,0.92,1.34,0,1.11,2.16,0.0,5.5,0.24,0.68,2.0,0.61,0.16,0.55,0.0,2.5,0.0,0.97
70.43,10.2,7.8,8.41,9.0,7.95,136,11.0,9.79,8.0,1.368474923234391,0.32,0.94,2.2,0.64,1.12,0,0.64,2.46,0.0,4.0,0.04,0.72,2.16,0.34,0.26,0.48,0.02,2.52,0.0,1.0
60.35,12.9,9.6,10.62,11.3,8.89,165,11.5,11.72,12.0,1.300639658848614,1.2727272727272727,1.27,2.3,1.05,1.23,0,0.66,1.77,0.0,3.84,0.18,0.66,1.89,1.5,0.64,0.57,0.0,2.75,0.0,1.0
58.76,12.5,12.3,9.47,14.7,8.66,170,14.25,14.81,15.0,1.9443929564411493,1.1142857142857143,2.66,4.31,1.51,1.29,0,0.94,3.14,0.06,6.11,0.17,0.71,3.46,1.2,0.29,0.71,0.0,3.29,0.0,0.97
44.78,14.7,13.5,12.25,15.7,8.8,200,15.0,14.52,15.0,1.3790909090909091,0.45,2.4,3.1,2.7,1.9,0,0.68,2.62,0.0,5.48,0.22,0.92,2.3,0.18,0.1,0.88,0.0,3.05,0.0,0.98
58.42,12.6,10.4,10.27,11.8,9.15,195,13.2,12.87,13.0,1.453044375644995,0.6976744186046512,1.63,2.74,1.16,1.44,0,1.05,2.07,0.0,4.49,0.37,0.72,1.72,0.79,0.23,0.53,0.02,2.58,0.0,0.98
60.45,12.1,9.6,10.5,11.0,8.84,101,10.142857142857142,11.86,11.0,1.3958333333333333,0.46153846153846156,2.23,2.04,1.12,1.31,0,0.85,1.81,0.04,4.77,0.15,0.42,1.38,0.62,0.15,0.23,0.0,2.23,0.0,0.96
63.43,11.6,10.5,8.07,11.5,8.34,153,15.5,12.76,12.0,1.4955401387512388,1.205128205128205,1.85,2.95,1.49,1.97,0,0.87,2.26,0.0,4.74,0.38,0.95,2.95,1.21,0.0,0.46,0.0,2.77,0.0,1.0
78.28,8.4,6.9,7.14,7.9,7.66,135,10.6,8.85,8.0,1.3330357142857143,0.17543859649122806,1.16,2.42,1.12,1.07,0,0.77,1.65,0.05,3.16,0.04,0.54,2.77,0.19,0.11,0.54,0.0,3.07,0.0,0.98
82.14,8.0,5.4,6.2,5.8,6.02,18,7.142857142857142,6.53,6.0,1.1923076923076923,0.2,1.0,1.47,1.13,1.33,0,0.4,1.2,0.0,2.27,0.2,0.73,1.4,0.4,0.0,0.47,0.0,2.67,0.0,0.93
80.31,8.4,6.1,5.04,5.6,6.01,12,11.0,7.27,6.0,1.188034188034188,0.46153846153846156,1.15,1.92,0.54,1.46,0,0.23,1.77,0.08,2.54,0.08,0.85,2.38,0.46,0.62,0.38,0.0,2.62,0.0,0.92
66.98,12.3,9.2,9.86,11.4,8.2,24,12.4,12.49,12.0,1.1753246753246753,0.42857142857142855,2.71,2.29,1.43,1.71,0,1.0,1.71,0.0,5.57,0.57,0.57,1.0,0.0,0.0,0.29,0.0,2.29,0.0,0.86
83.76,7.5,4.8,5.67,5.3,7.01,27,5.625,6.57,6.0,0.9080118694362018,1.1363636363636365,0.77,0.77,0.55,1.05,0,0.77,1.18,0.0,2.14,0.18,0.73,1.82,1.09,0.86,0.32,0.0,2.05,0.0,1.0
70.23,9.7,7.9,9.39,9.8,7.94,58,11.6,9.3,10.0,1.5129310344827587,1.375,1.38,2.04,0.29,1.29,0,0.83,1.21,0.0,4.17,1.54,0.42,1.79,0.54,0.21,0.38,0.0,2.29,0.0,0.96
74.49,9.3,6.3,7.3,6.3,7.35,17,5.75,7.86,7.0,1.0909090909090908,0.45454545454545453,0.64,1.0,0.82,1.0,0,0.55,1.82,0.0,3.55,0.18,0.45,1.64,0.36,0.09,0.45,0.0,1.55,0.0,0.91
75.71,10.3,5.8,6.83,5.5,6.89,20,6.5,7.93,7.0,0.9691358024691358,0.3333333333333333,0.58,0.92,0.42,0.92,0,0.42,1.83,0.0,2.75,0.08,0.25,1.67,0.58,0.0,0.42,0.0,1.75,0.0,0.92
77.37,9.4,7.2,6.85,8.1,7.68,45,11.2,9.46,7.0,1.1967213114754098,1.380952380952381,0.95,3.14,0.43,1.1,0,0.71,2.43,0.0,4.38,0.52,0.19,1.05,2.48,0.1,0.19,0.0,1.71,0.0,0.95
72.16,10.5,7.2,9.34,8.8,7.6,62,8.0,8.54,8.0,1.29375,1.1785714285714286,1.0,2.07,0.68,0.82,0,0.5,1.93,0.0,4.39,0.29,0.54,1.07,0.75,0.04,0.25,0.0,1.82,0.0,1.0
88.87,7.6,4.9,4.75,5.2,6.47,16,7.666666666666666,6.86,5.0,0.920704845814978,0.5384615384615384,0.62,1.46,0.77,1.15,0,0.69,1.23,0.0,2.85,0.08,0.38,3.69,0.77,0.0,0.38,0.0,2.23,0.0,1.0
66.74,9.9,7.2,11.35,9.6,8.44,56,5.777777777777778,7.59,8.0,1.2229102167182662,1.6363636363636365,1.18,1.77,0.14,0.36,0,0.64,1.23,0.0,3.23,0.05,0.27,0.45,3.05,0.09,0.05,0.14,1.05,0.05,0.95
82.04,8.2,5.4,7.71,7.3,7.24,23,10.8,7.3,8.0,1.256,0.8,0.93,1.4,1.07,1.07,0,0.33,0.6,0.0,3.13,0.47,0.6,2.27,0.27,0.33,0.6,0.0,2.6,0.0,1.0
76.96,9.8,7.4,7.14,8.7,7.59,30,7.142857142857142,9.73,8.0,1.0327868852459017,0.7857142857142857,2.0,2.43,0.86,1.71,0,0.93,1.36,0.07,3.86,0.21,0.64,2.86,0.57,0.57,0.86,0.0,1.93,0.0,0.93
64.61,11.4,8.0,9.79,9.0,8.29,70,12.0,9.28,9.0,1.4363636363636363,1.4814814814814814,1.22,1.89,0.41,0.74,0,0.7,1.41,0.0,3.22,0.74,0.48,0.7,1.96,0.07,0.07,0.0,1.7,0.0,0.96
66.37,11.0,9.4,10.62,12.4,8.24,65,14.0,11.17,11.0,1.3978260869565218,1.3,1.6,2.45,0.9,1.35,0,0.5,1.95,0.0,4.67,0.65,0.95,2.0,0.65,0.0,0.85,0.0,3.25,0.0,1.0
67.99,11.3,8.8,8.99,10.3,7.44,45,12.4,9.94,9.0,1.492239467849224,0.9523809523809523,1.52,2.24,0.76,1.19,0,0.95,1.81,0.0,4.38,0.38,0.62,2.57,0.9,0.0,0.43,0.0,2.76,0.0,0.95
79.5,8.8,6.4,7.19,7.5,6.84,14,8.166666666666666,7.88,8.0,1.4233128834355828,1.3333333333333333,1.22,2.44,1.0,0.56,0,0.56,2.33,0.0,3.78,0.44,0.56,1.33,1.11,0.0,0.11,0.0,1.78,0.0,0.89
72.26,10.0,7.1,8.41,7.9,8.95,24,10.333333333333334,9.72,10.0,1.0784313725490196,1.4444444444444444,1.11,1.67,1.33,1.56,0,0.78,0.89,0.0,3.22,0.89,0.44,1.0,0.89,0.0,0.33,0.0,2.0,0.0,0.89
78.08,9.5,7.0,8.41,8.9,8.07,17,8.166666666666666,8.75,9.0,1.2903225806451613,1.375,1.25,2.88,1.0,0.5,0,1.0,1.62,0.0,3.88,0.25,0.0,2.0,2.5,0.0,0.12,0.0,1.5,0.0,0.88
79.5,8.5,6.4,7.19,7.6,7.49,47,8.333333333333334,8.05,8.0,1.2141414141414142,1.4444444444444444,1.0,2.07,0.85,1.26,0,0.52,2.15,0.0,3.56,0.56,0.41,0.89,1.33,0.22,0.26,0.0,2.3,0.0,0.96
71.75,9.1,7.3,8.18,8.0,8.22,51,8.666666666666666,8.79,9.0,1.4765432098765432,1.0,1.09,2.26,0.43,1.13,0,0.87,1.48,0.04,4.87,0.96,0.43,0.61,0.52,0.04,0.17,0.0,1.74,0.0,0.96
69.01,12.2,8.4,8.47,9.3,7.99,21,10.333333333333334,10.78,8.0,1.31875,0.625,1.62,2.38,0.75,1.12,0,0.62,1.5,0.0,4.38,0.25,1.0,1.38,0.5,0.0,0.75,0.0,2.88,0.0,0.88
73.27,10.7,6.7,9.39,8.5,7.44,17,7.857142857142858,8.65,9.0,1.267605633802817,0.5555555555555556,1.22,1.44,1.11,1.0,0,0.67,1.44,0.0,3.78,0.22,0.33,0.89,0.56,0.0,0.56,0.0,1.67,0.0,0.89
73.27,11.0,6.7,8.63,7.9,8.4,26,8.285714285714286,9.18,9.0,1.1772151898734178,1.6,1.2,1.9,0.7,0.8,0,0.3,1.4,0.0,2.5,0.3,0.4,1.1,2.2,0.0,0.2,0.0,1.8,0.1,0.9
82.75,8.8,5.2,5.79,5.3,7.22,31,8.333333333333334,7.14,6.0,0.939297124600639,0.65,0.55,1.4,0.95,1.2,0,0.5,0.9,0.0,2.3,0.2,0.8,2.5,0.5,0.1,0.4,0.0,2.35,0.0,1.0
77.67,8.6,7.1,6.38,7.6,6.57,42,8.166666666666666,8.94,7.0,1.1215351812366738,0.5652173913043478,0.96,2.26,0.7,1.22,0,0.48,1.87,0.04,3.91,0.26,0.91,3.04,0.43,0.0,0.39,0.0,2.96,0.0,0.96
80.82,8.0,5.9,8.12,7.9,7.3,28,8.166666666666666,7.16,8.0,1.0347003154574133,0.7222222222222222,1.17,1.33,0.83,1.17,0,0.56,1.0,0.0,2.56,0.06,0.78,2.89,0.56,0.33,0.56,0.0,2.89,0.0,0.94
69.62,8.8,8.1,9.98,10.3,8.61,27,11.4,9.29,9.0,1.2452830188679245,1.0,1.38,2.5,0.75,1.0,0,0.75,2.25,0.0,4.5,0.0,0.75,1.0,1.12,0.0,0.5,0.0,2.5,0.0,0.88
74.49,8.0,6.3,7.88,6.7,8.19,24,5.875,7.07,8.0,1.0683229813664596,0.8181818181818182,1.36,2.0,0.64,1.0,0,0.64,0.91,0.0,3.55,0.73,0.18,0.64,0.45,0.0,0.09,0.0,1.55,0.0,0.91
78.48,8.4,6.8,6.78,7.7,7.91,34,7.666666666666666,8.72,8.0,1.643598615916955,0.9333333333333333,1.93,1.6,1.13,1.87,0,0.4,2.2,0.0,3.6,0.07,0.47,1.47,1.0,0.2,0.67,0.0,1.73,0.0,0.93
80.31,9.7,6.1,7.36,7.3,7.56,20,7.428571428571429,8.42,8.0,1.232258064516129,0.5555555555555556,1.33,2.33,1.11,1.0,0,0.67,1.89,0.0,3.56,0.44,0.33,1.11,0.67,0.0,0.44,0.0,1.44,0.0,0.89
79.4,8.5,6.5,6.15,6.8,7.14,40,6.857142857142857,8.19,7.0,1.440347071583514,1.12,1.08,2.44,1.28,1.12,0,0.4,1.68,0.0,3.4,0.24,0.4,2.0,0.96,0.08,0.4,0.0,1.96,0.04,0.96
73.98,9.3,6.5,9.56,8.4,9.15,30,7.0,8.07,7.0,1.2216748768472907,1.1538461538461537,1.31,1.62,0.77,0.85,0,0.54,1.08,0.08,2.69,0.31,0.62,1.23,1.69,0.0,0.23,0.0,1.62,0.0,1.0
64.14,11.2,10.3,9.06,11.9,8.62,61,12.0,12.12,12.0,1.4158878504672898,2.411764705882353,2.53,3.29,0.88,1.06,0,1.06,3.12,0.0,5.06,0.76,0.53,0.94,1.82,0.24,0.59,0.0,2.35,0.0,0.94
72.05,10.3,7.2,9.51,8.9,9.31,78,7.142857142857142,9.39,10.0,1.3276231263383298,2.4074074074074074,1.33,2.48,0.3,0.89,0,0.44,1.81,0.0,3.3,0.89,0.33,0.52,2.44,0.11,0.22,0.04,1.22,0.0,0.96
76.25,10.3,7.7,8.24,9.9,7.48,30,9.0,10.09,8.0,1.1948051948051948,0.35714285714285715,1.86,2.57,1.43,1.43,0,0.93,0.93,0.0,4.79,0.07,0.57,3.14,0.21,0.0,0.5,0.0,2.64,0.0,0.93
66.23,10.4,7.4,8.0,6.7,6.96,23,7.0,8.08,7.0,1.124223602484472,0.36363636363636365,1.0,1.36,0.64,1.18,0,0.18,1.27,0.0,2.64,0.09,0.64,1.64,0.64,0.0,0.45,0.0,2.0,0.0,0.91
74.12,10.6,8.5,7.78,10.1,7.46,43,15.0,10.92,11.0,1.1730769230769231,1.75,1.8,3.05,0.75,1.55,0,0.85,3.15,0.0,5.55,0.4,0.45,1.1,1.15,0.0,0.55,0.0,2.1,0.0,0.95
68.5,11.9,8.6,11.14,11.8,9.03,28,11.8,11.41,12.0,1.221556886227545,1.0,2.12,2.25,0.75,0.75,0,0.5,2.88,0.0,5.38,0.38,0.38,0.62,1.5,0.25,0.5,0.0,1.75,0.0,0.88
80.31,9.0,6.1,7.6,7.5,7.87,32,11.6,8.4,8.0,1.1137123745819397,0.47058823529411764,0.59,1.59,0.82,1.0,0,0.82,1.06,0.0,3.06,0.18,0.59,2.94,1.0,0.12,0.18,0.0,2.65,0.0,1.0
84.27,8.3,4.6,6.48,5.3,7.27,32,6.25,6.72,7.0,1.089700996677741,0.6818181818181818,0.68,1.18,0.73,0.77,0,0.64,0.95,0.0,1.68,0.09,0.27,2.36,0.68,0.36,0.14,0.0,2.18,0.0,0.95
76.96,8.8,7.4,6.91,8.4,7.56,29,11.0,8.93,9.0,1.1428571428571428,0.8,1.13,1.67,1.27,1.8,0,0.87,1.93,0.0,3.53,0.67,1.27,1.8,0.6,0.2,0.73,0.0,3.0,0.0,1.0
73.47,10.1,6.7,8.46,7.6,7.84,55,6.5,8.71,7.0,1.4619289340101522,0.88,1.36,1.68,0.36,1.28,0,0.56,1.16,0.0,3.92,0.6,0.56,0.8,1.0,0.0,0.12,0.0,1.32,0.0,1.0
68.7,11.2,8.5,7.83,9.0,7.86,44,8.666666666666666,10.93,9.0,1.5767790262172285,0.46153846153846156,1.62,2.15,1.69,1.31,0,0.69,1.46,0.0,3.31,0.31,0.69,3.0,0.0,0.0,0.62,0.0,2.77,0.0,0.92
60.14,10.6,9.7,10.73,11.5,8.2,35,11.8,10.03,11.0,1.4458874458874458,1.3636363636363635,1.64,2.82,1.09,0.73,0,0.64,1.73,0.0,3.82,0.45,0.73,1.55,1.18,0.36,0.27,0.0,3.09,0.0,0.91
79.8,9.0,6.3,6.44,6.9,7.68,36,7.142857142857142,8.12,7.0,1.0550161812297734,1.0588235294117647,1.41,1.88,1.06,1.12,0,0.59,1.12,0.0,2.29,0.24,0.71,3.0,0.82,0.0,0.59,0.0,2.41,0.0,0.94
77.67,9.3,7.1,6.91,8.0,7.23,26,11.8,9.1,7.0,1.2589285714285714,0.36363636363636365,1.27,2.73,0.91,1.0,0,1.0,1.09,0.09,3.27,0.18,1.0,2.73,0.0,0.0,0.64,0.0,3.55,0.0,0.91
67.79,10.2,8.8,8.76,10.1,7.26,50,14.0,9.91,9.0,1.3128964059196617,1.7272727272727273,1.45,2.5,1.18,1.27,0,0.68,2.59,0.0,3.73,0.27,0.86,1.36,1.86,0.09,0.45,0.0,2.23,0.0,0.95
79.6,8.5,6.4,9.34,9.2,7.27,17,8.166666666666666,8.27,9.0,1.4545454545454546,0.125,1.62,2.38,1.75,1.38,0,0.25,0.88,0.0,3.38,0.0,0.5,2.12,0.25,0.0,0.5,0.0,2.0,0.0,0.88
72.76,9.2,6.9,8.87,8.3,8.68,67,7.571428571428571,8.07,9.0,1.2905811623246493,1.6,1.43,2.13,0.37,0.77,0,0.47,1.6,0.03,3.33,0.5,0.43,0.37,2.57,0.27,0.2,0.0,1.13,0.03,1.0
71.04,9.7,7.6,9.22,9.3,7.72,30,8.166666666666666,8.99,8.0,1.2477477477477477,1.25,1.08,1.42,0.67,0.83,0,0.67,1.75,0.08,4.25,0.67,0.83,1.25,0.58,0.25,0.58,0.0,2.67,0.0,0.92
77.98,9.3,7.0,6.56,7.6,7.41,23,11.8,8.61,7.0,1.0412844036697249,2.090909090909091,0.82,2.82,0.73,1.27,0,1.36,1.45,0.09,3.27,0.27,0.27,2.18,1.27,0.0,0.45,0.0,2.64,0.0,0.91
83.8,8.4,6.8,6.85,9.2,6.36,30,11.6,9.11,7.0,1.165631469979296,0.47619047619047616,1.33,1.95,2.14,1.86,0,0.52,2.38,0.0,4.0,0.19,0.62,3.14,0.1,0.0,1.0,0.0,2.81,0.0,0.95
90.9,7.2,4.1,4.86,4.8,7.57,10,6.714285714285714,6.53,5.0,0.8136645962732919,2.1,1.4,1.3,0.5,0.9,0,0.6,0.8,0.0,1.5,1.3,0.2,1.7,1.9,0.6,0.3,0.2,1.9,0.0,1.0
64.71,11.8,8.0,9.56,8.7,8.17,24,7.857142857142858,9.73,8.0,1.4658385093167703,1.3,1.9,2.0,0.3,0.8,0,0.6,0.8,0.0,2.8,0.3,0.4,1.4,1.6,0.0,0.3,0.0,1.9,0.0,1.0
70.84,10.1,7.7,7.36,7.8,8.5,25,7.571428571428571,9.24,8.0,1.3493150684931507,1.875,1.12,2.62,1.38,1.0,0,0.38,1.12,0.0,3.75,0.5,0.25,1.12,1.88,0.0,0.5,0.0,1.75,0.0,0.88
69.41,10.7,8.2,8.99,9.6,7.52,56,7.857142857142858,9.89,8.0,1.55625,0.7083333333333334,1.21,1.96,0.54,1.21,0,0.88,1.83,0.04,4.04,0.38,0.71,2.12,0.71,0.0,0.33,0.0,3.08,0.0,0.96
89.28,6.4,4.7,6.26,6.1,6.98,14,6.571428571428571,6.6,7.0,1.2933333333333332,1.0,0.56,2.22,0.44,0.89,0,0.44,2.33,0.0,2.67,0.33,0.67,1.11,1.44,0.0,0.33,0.0,2.33,0.0,0.89
82.04,8.2,5.4,7.71,7.3,7.24,23,10.8,7.3,8.0,1.256,0.8,0.93,1.4,1.07,1.07,0,0.33,0.6,0.0,3.13,0.47,0.6,2.27,0.27,0.33,0.6,0.0,2.6,0.0,1.0
69.11,10.8,8.3,9.28,10.0,7.59,62,10.166666666666666,9.97,10.0,1.374485596707819,1.125,1.71,3.0,0.33,0.83,0,0.83,2.67,0.0,5.38,0.33,0.42,1.04,0.58,0.12,0.21,0.0,1.83,0.0,0.96
